name,id,nametype,recclass,mass,fall,year,reclat,reclong,log_mass
Springfield,23689,Valid,L6,3200.0,Found,1937.0,37.38333,-102.63333,3.505149978455623
Eva,10066,Valid,H5,6700.0,Found,1965.0,36.81667,-101.90833,3.8260748027656466
Colorado Springs,5408,Valid,Iron,462.0,Found,1950.0,38.83333,-104.83333,2.664641976496157
Roosevelt County 062,22717,Valid,H5,16.2,Found,1969.0,34.21667,-103.5,1.2095150413509315
Olton,18016,Valid,H3.5,953.0,Found,1948.0,34.16722,-102.13361,2.9790929010940395
Frankfort (stone),10177,Valid,Howardite,650.0,Fell,1868.0,34.48333,-87.83333,2.812913357311001
Leighton,12760,Valid,H5,877.0,Fell,1907.0,34.58333,-87.5,2.942999593861245
Texline,23906,Valid,H5,26200.0,Found,1937.0,36.4,-103.01667,4.418301291336322
Nan Yang Pao,16903,Valid,L6,52900.0,Fell,1917.0,35.66667,103.5,4.723455672043396
Blanket,5071,Valid,L6,5100.0,Fell,1909.0,31.83333,-98.83333,3.707570176183092
Grosnaja,11206,Valid,CV3,3500.0,Fell,1861.0,43.66667,45.38333,3.5440680444743595
Leedey,12755,Valid,L6,51500.0,Fell,1943.0,35.88333,-99.33333,4.711807229049624
Mabwe-Khoywa,14764,Valid,L5,540.0,Fell,1937.0,19.0,97.0,2.7323937606272177
Weaver Mountains,24227,Valid,"Iron, IVB",38800.0,Found,1898.0,34.25,-112.75,4.5888317256054005
Tamarugal,23794,Valid,"Iron, IIIAB",320000.0,Found,1903.0,-20.8,-69.66667,5.505149978321263
Djermaia,7656,Valid,H,3950.0,Fell,1961.0,12.73333,15.05,3.596597095736408
Tafoya (b),23781,Valid,H5,490.0,Found,1951.0,36.45,-104.1,2.690196080914829
Zerkaly,31354,Valid,H5,16000.0,Found,1956.0,52.13333,81.96667,4.204119982683068
Gretna,11201,Valid,L5,82000.0,Found,1912.0,39.93333,-99.21667,4.913813852389013
Yoshiki,30372,Valid,Stone-uncl,0.1,Fell,1928.0,34.16667,131.45,-0.9999956570768955
Cullison,5495,Valid,H4,10000.0,Found,1911.0,37.61667,-98.91667,4.000000000043429
Douar Mghila,7723,Valid,LL6,1161.0,Fell,1932.0,32.33333,-6.3,3.0648322201126432
Perpeti,18793,Valid,L6,23474.0,Fell,1935.0,23.325,91.0,4.370587100265177
Kinclaven 001,12313,Valid,L5,17.3,Found,1973.0,-30.46667,125.7,1.238046128232522
Khmelevka,12297,Valid,L5,6109.0,Fell,1929.0,56.75,75.33333,3.7859701252031006
Cimarron,5365,Valid,CM2,9.64,Found,1948.0,37.85,-100.35,0.9840770789541232
Kenna (b),12278,Valid,L5,453.0,Found,1972.0,33.70833,-103.76667,2.656098202971539
Lucerne Valley 010,14734,Valid,H4,6.4,Found,1965.0,34.5,-116.95,0.8061800418423947
Tamir-Tsetserleg,23799,Valid,Stone-uncl,173000.0,Found,1956.0,47.45,101.47917,5.238046103131306
Cortez,5449,Valid,H6,715.6,Found,1940.0,37.35,-108.68333,2.854670332502231
Karagai,12255,Valid,L6,115.0,Found,1900.0,51.11667,57.91667,2.0606978441300856
Bahjoi,4922,Valid,"Iron, IAB-sLL",10322.0,Fell,1934.0,28.48333,78.5,4.013763854776007
Lucé,14724,Valid,L6,3500.0,Fell,1768.0,47.85,0.48333,3.5440680444743595
Tibooburra,23986,Valid,CV3,18.6,Found,1970.0,-29.43333,142.01667,1.2695129675670813
Ergheo,10044,Valid,L5,20000.0,Fell,1889.0,1.16667,44.16667,4.301029995685696
Harleton,11830,Valid,L6,8360.0,Fell,1961.0,32.675,-94.51167,3.9222062774909654
Oasis State Park,17974,Valid,OC,606.0,Found,1968.0,34.22833,-103.35833,2.782472624882944
Ohaba,17995,Valid,H5,16250.0,Fell,1857.0,46.06667,23.58333,4.210853365341619
Näs,16919,Valid,LL6,375.0,Found,1907.0,59.18333,12.21667,2.5740312688858373
Palahatchie,18073,Valid,OC,548.0,Fell,1910.0,32.31667,-89.71667,2.7387805592768775
Chupaderos,5363,Valid,"Iron, IIIAB",24300000.0,Found,1852.0,27.0,-105.1,7.38560627359833
Republican River,22591,Valid,H4,135.0,Found,1942.0,40.08333,-98.91667,2.130333771712002
Ternera,23903,Valid,"Iron, IVB",1980.0,Found,1891.0,-27.33333,-69.8,3.296665190480872
Kodaikanal,12338,Valid,"Iron, IIE",15900.0,Found,1898.0,10.26667,77.4,4.201397124347766
Otto,18047,Valid,H5,28.0,Found,1970.0,35.16667,-105.98333,1.447158046852736
Roosevelt County 047,22702,Valid,L6,30.3,Found,1970.0,34.13333,-103.36667,1.481442642835456
Lanton,12463,Valid,"Iron, IIIAB",13780.0,Found,1932.0,36.53333,-91.8,4.1392492176031235
Drum Mountains,7733,Valid,"Iron, IIIAB",529000.0,Found,1944.0,39.5,-112.9,5.723455672036007
Chesterville,5343,Valid,"Iron, IIAB",16500.0,Found,1849.0,34.7,-81.2,4.217483944240227
Murfreesboro,16877,Valid,"Iron, ungrouped",8600.0,Found,1847.0,35.83333,-86.41667,3.934498451294067
Delegate,6641,Valid,"Iron, IIIAB-an",27700.0,Found,1904.0,-37.0,149.03333,4.442479769080127
Ornans,18030,Valid,CO3.4,6000.0,Fell,1868.0,47.11667,6.15,3.778151250456026
Hawk Springs,11862,Valid,H5,367.0,Found,1935.0,41.78333,-104.28333,2.564666065435453
Kapunda,12254,Valid,"Iron, IIIAB",542.0,Found,1965.0,-34.31667,138.93333,2.7339992873396683
Yamato 7304,24370,Valid,L6,500.0,Found,1973.0,-71.5,35.66667,2.698970005204608
Roosevelt County 035,22690,Valid,L6,81.59999999999998,Found,1968.0,34.08333,-103.61667,1.9116901640760973
Forsyth,10164,Valid,L6,16300.0,Fell,1829.0,33.01667,-83.96667,4.212187604430602
Ngawi,16966,Valid,LL3.6,1393.0,Fell,1883.0,-7.45,111.41667,3.1439511167357326
Zemaitkiemis,30399,Valid,L6,44100.0,Fell,1933.0,55.3,25.0,4.644438589477686
Wallareenya,24207,Valid,"Iron, IIIAB",4386.0,Found,1965.0,-20.66667,118.83333,3.6420686274405223
Kybunga,12388,Valid,L5,7900.0,Found,1956.0,-33.9,138.48333,3.8976270913454156
Girgenti,10917,Valid,L6,18000.0,Fell,1853.0,37.31667,13.56667,4.255272505127434
Fillmore,10093,Valid,Iron,113.0,Found,1916.0,49.883333,-103.6,2.0530784473267336
Jiddat al Harasis,12089,Valid,H4,1400.0,Found,1957.0,19.25,56.06667,3.1461280359884483
Ahumada,419,Valid,"Pallasite, PMG",52600.0,Found,1909.0,30.7,-105.5,4.720985744161996
Malaga,15393,Valid,OC,150.0,Fell,1933.0,32.21667,-104.0,2.176091261950978
Delhi,6642,Valid,L5,0.8,Fell,1897.0,28.56667,77.25,-0.09690947014029329
Alamosa,450,Valid,L6,1800.0,Found,1937.0,37.46667,-105.86667,3.255272505344581
Araslanovo,2324,Valid,L/LL5,132000.0,Found,1973.0,55.14167,48.2,5.12057393120914
Millbillillie,16643,Valid,Eucrite-mmict,330000.0,Fell,1960.0,-26.45,120.36667,5.518513939879203
Ekeby,7776,Valid,H4,3336.0,Fell,1939.0,56.03333,13.0,3.523226042095885
Goalpara,10938,Valid,Ureilite,2700.0,Found,1868.0,26.16667,90.6,3.431363764319837
Botschetschki,5117,Valid,L4,614.0,Fell,1823.0,51.33333,33.88333,2.7881683718484878
Morrill,16749,Valid,"Iron, IAB-an",1387.0,Found,1920.0,42.18333,-103.93333,3.1420764613864027
Guadaloupe County,11430,Valid,Iron,20.5,Found,1950.0,29.5,-98.0,1.3117538822408505
Enon,10037,Valid,"Iron, ungrouped",763.0,Found,1883.0,39.86667,-83.95,2.882524538524074
Capilla del Monte,5264,Valid,H6,750.0,Fell,1934.0,-30.88333,-64.55,2.8750612639707596
Shalka,23521,Valid,Diogenite,4000.0,Fell,1850.0,23.1,87.3,3.602059991436536
Oakley (iron),17972,Valid,"Iron, IIIF",111000.0,Found,1926.0,42.33333,-113.7,5.04532297879057
Punganaru,18902,Valid,Stone-uncl,100.0,Fell,1811.0,13.33333,78.95,2.0000000043429447
Athens,4885,Valid,LL6,265.0,Fell,1933.0,34.75,-87.0,2.4232458755756547
Maldyak,15396,Valid,"Iron, IIIAB",992.0,Found,1939.0,63.33333,148.16667,2.9965116725919754
Hajmah (c),11476,Valid,L5/6,1132.0,Found,1958.0,19.91667,56.25,3.053846427235905
St. Germain-du-Pinel,23087,Valid,H6,4000.0,Fell,1890.0,48.01667,-1.15,3.602059991436536
Kayakent,12268,Valid,"Iron, IIIAB",85000.0,Fell,1961.0,39.26333,31.78,4.929418925719402
Bishop Canyon,5058,Valid,"Iron, IVA",8600.0,Found,1912.0,38.0,-108.5,3.934498451294067
Fenghsien-Ku,10086,Valid,H5,82.0,Fell,1924.0,34.6,116.75,1.9138138576799908
Jenkins,12080,Valid,"Iron, IAB-MG",55400.0,Found,1946.0,36.82444,-93.76111,4.743509764736269
Makarewa,15392,Valid,L6,2300.0,Found,1879.0,-46.31667,168.4,3.3617278362064167
Wikieup,24260,Valid,H5,372.0,Found,1965.0,34.7,-113.6,2.570542941049356
Ohuma,17996,Valid,L5,7700.0,Fell,1963.0,6.75,8.5,3.886490725228884
Iron River,12048,Valid,"Iron, IVA",1420.0,Found,1889.0,46.07944,-88.55972,3.152288344688898
Muonionalusta,16873,Valid,"Iron, IVA",230000.0,Found,1906.0,67.8,23.1,5.361727836019481
Cuba,5479,Valid,"Iron, IAB?",1500.0,Found,1871.0,22.0,-80.0,3.176091259345211
Cartoonkana,5283,Valid,L6,294.0,Found,1914.0,-29.75,141.03333,2.4683473318893494
Monte Milone,16726,Valid,L5,3130.0,Fell,1846.0,43.26667,13.35,3.495544337685201
Admire,380,Valid,"Pallasite, PMG",180000.0,Found,1881.0,38.7,-96.1,5.255272505105719
Grant County,10958,Valid,L6,2300.0,Found,1936.0,37.46667,-101.43333,3.3617278362064167
Kushiike,12381,Valid,OC,4460.0,Fell,1920.0,37.05,138.38333,3.6493348588095174
Peramiho,18792,Valid,Eucrite-mmict,165.0,Fell,1899.0,-10.66667,35.5,2.217483946845994
Alkhamasin,475,Valid,"Iron, IIAB",1200000.0,Found,1973.0,20.6,44.88333,6.079181246047987
Polujamki,18861,Valid,H4,18350.0,Found,1971.0,52.1,79.7,4.263636068611776
Långhalsen,12461,Valid,L6,2300.0,Fell,1947.0,58.85,16.73333,3.3617278362064167
Tomatlan,24020,Valid,H6,900.0,Fell,1879.0,20.16667,-105.21667,2.9542425099218743
Medanitos,15467,Valid,Eucrite-cm,31.0,Fell,1953.0,-27.25,-67.5,1.491361707843772
Lake Bonney,12436,Valid,L6,2750.0,Found,1961.0,-37.75,140.3,3.439332693988188
Pomozdino,18863,Valid,Eucrite-cm,327.0,Found,1964.0,62.2,54.16667,2.5145477539884036
Roosevelt County 036,22691,Valid,H5,65.2,Found,1968.0,34.08333,-103.61667,1.8142476023928784
Harding County,11826,Valid,L4,3075.0,Found,1941.0,45.5,-103.5,3.4878451202526697
Livingston (Montana),14668,Valid,"Iron, IIIAB",1600.0,Found,1936.0,45.6,-110.58333,3.204119982927359
Point of Rocks (stone),18856,Valid,L6,800.0,Found,1954.0,36.5,-104.5,2.9030899875348117
Manitouwabing,15406,Valid,"Iron, IIIAB",39000.0,Found,1962.0,45.44,-79.87556,4.591064607037635
Shiraiwa,23537,Valid,H4,950.0,Found,1915.0,39.5,140.2,2.9777236057459997
Wethersfield (1971),24250,Valid,L6,350.0,Fell,1971.0,41.7,-72.65,2.544068045591117
Roosevelt County 039,22694,Valid,H5,38.0,Found,1969.0,34.08333,-103.5,1.579783608045612
Mincy,16694,Valid,Mesosiderite-B4,89400.0,Found,1857.0,36.55,-93.1,4.951337518800775
Wray (a),24338,Valid,H4-an,281.7,Found,1936.0,40.05,-102.2,2.4497868485274648
Phillips County (pallasite),18807,Valid,"Pallasite, PMG-an",1360.0,Found,1935.0,40.45,-102.38333,3.1335389086895518
Grady (1937),10952,Valid,H3.7,9300.0,Found,1937.0,34.8,-103.31667,3.9684829486006334
Glanggang,10924,Valid,H5-6,1303.0,Fell,1939.0,-7.25,107.7,3.1149444160458883
Arrabury,2337,Valid,H6,5300.0,Found,1960.0,-26.5,141.08333,3.7242758696827316
Udei Station,24101,Valid,"Iron, IAB-ung",103000.0,Fell,1927.0,7.95,8.08333,5.012837224709388
North Reid,17006,Valid,LL5,308.7,Found,1969.0,-30.0,128.91667,2.489536630888945
Augusta County,4897,Valid,"Iron, IIIAB",76000.0,Found,1858.0,38.16667,-79.08333,4.880813592286506
Clovis (no. 2),5386,Valid,L6,41300.0,Found,1963.0,34.3,-103.13333,4.615950051666917
Boerne,5095,Valid,H6,1100.0,Found,1932.0,29.8,-98.8,3.0413926855530384
Marion (Kansas),15425,Valid,L5,2890.0,Found,1955.0,38.36667,-97.03333,3.4608978429068227
Mamra Springs,15401,Valid,L6,1000.0,Fell,1927.0,45.21667,62.08333,3.0000000004342944
Belly River,5007,Valid,H6,7900.0,Found,1943.0,49.5,-113.0,3.8976270913454156
Shohaku,23580,Valid,Iron,101.0,Found,1938.0,40.31667,126.91667,2.004321378082588
Mulletiwu,16851,Valid,L,25.5,Fell,1795.0,9.33333,80.83333,1.406540197465111
Saint-Aubin,23096,Valid,"Iron, IIIAB",472000.0,Found,1968.0,48.48333,3.58333,5.673941998635008
Mount Morris (Wisconsin),16783,Valid,"Iron, IAB-an",676.0,Found,1937.0,44.0,-89.25,2.8299466965840834
Vengerovo,24158,Valid,H5,10800.0,Fell,1950.0,56.13333,77.26667,4.033423755527163
Kaufman,12267,Valid,L5,23000.0,Found,1893.0,32.58333,-96.41667,4.361727836036475
Mount Dyrring,16772,Valid,Pallasite,11300.0,Found,1903.0,-32.33333,151.2,4.053078443521853
Los Martinez,14708,Valid,L6,25.0,Fell,1894.0,38.0,-0.83333,1.3979400260438166
Morradal,16748,Valid,"Iron, ungrouped",2750.0,Found,1892.0,62.0,7.66667,3.439332693988188
Cope (b),5441,Valid,H5,817.0,Found,1967.0,39.68333,-102.845,2.9122220570639876
Apex,2315,Valid,L6,6.1,Found,1938.0,39.75,-105.2,0.7853299062065779
Toulon,24035,Valid,H5,1214.5,Found,1962.0,41.11667,-89.80833,3.0843975194987405
Le Teilleul,12749,Valid,Howardite,780.0,Fell,1845.0,48.53333,-0.86667,2.8920946032472683
Canyon,5255,Valid,H?,860.0,Found,1957.0,34.96667,-101.93333,2.9344984517485613
Nerft,16945,Valid,L6,10250.0,Fell,1864.0,56.5,21.5,4.0107238654341435
Canyonlands,5258,Valid,H6,1520.0,Found,1961.0,38.18333,-109.88333,3.1818435882304925
Ulysses,24110,Valid,H4,3900.0,Found,1927.0,37.6,-101.25,3.5910646071378567
Forrest 003,10126,Valid,H3,74.0,Found,1970.0,-30.9,128.08333,1.8692317255998205
Ekh Khera,7777,Valid,H6,840.0,Fell,1916.0,28.26667,78.78333,2.9242792865788987
Narraburra,16915,Valid,"Iron, IIIAB",32200.0,Found,1855.0,-34.25,147.7,4.507855871709318
Milena,16640,Valid,L6,10000.0,Fell,1842.0,46.18333,16.1,4.000000000043429
Lichtenberg,14646,Valid,H6,4000.0,Fell,1973.0,-26.15,26.18333,3.602059991436536
Yamato 698,24365,Valid,H6,10.0,Found,1969.0,-71.5,35.66667,1.000000043429446
Smyer,23655,Valid,H6,3273.0,Found,1968.0,33.58333,-102.16667,3.5149460054406942
Andura,2298,Valid,H6,17900.0,Fell,1939.0,20.88333,76.86667,4.252853031004156
Densmore (1950),6657,Valid,H6,11300.0,Found,1950.0,39.56583,-99.64722,4.053078443521853
Mardan,15414,Valid,H5,4500.0,Fell,1948.0,34.23333,72.08333,3.6532125138718534
Red Willow,22550,Valid,Iron,2750.0,Found,1899.0,40.25,-100.5,3.439332693988188
Zaisho,30389,Valid,"Pallasite, PMG-an",330.0,Fell,1898.0,33.7,133.8,2.5185139411939312
Dandapur,5511,Valid,L6,5650.0,Fell,1878.0,26.91667,83.96667,3.7520484478963048
San Luis,23129,Valid,H,140.65,Found,1964.0,-33.33333,-66.38333,2.148139739588987
Pnompehn,18851,Valid,L6,96.0,Fell,1868.0,11.58333,104.91667,1.9822712375634692
Valera,24149,Valid,L5,50000.0,Fell,1972.0,9.31667,-70.62833,4.698970004344705
Murchison Downs,16876,Valid,"Iron, ungrouped",33.0,Found,1925.0,-26.66667,119.0,1.518513953038326
Dubrovnik,7736,Valid,L3-6,1900.0,Fell,1951.0,42.45833,18.44167,3.278753601181405
Tulia (iron),24070,Valid,Iron,190.0,Found,1969.0,34.555,-101.63,2.2787536032385893
Waldo,24202,Valid,L6,1300.0,Found,1937.0,39.1,-98.83333,3.1139433526409093
Rosario,22765,Valid,"Iron, IAB-MG",2700.0,Found,1896.0,14.6,-88.68333,3.431363764319837
Seneca,23497,Valid,H4,1900.0,Found,1936.0,39.83333,-96.06667,3.278753601181405
Oak,17971,Valid,L5,75.3,Found,1968.0,-31.58333,127.7,1.8767949819682235
Rembang,22585,Valid,"Iron, IVA",10000.0,Fell,1919.0,-6.73333,111.36667,4.000000000043429
Aswan,4882,Valid,"Iron, IAB-ung",12000.0,Found,1955.0,23.98611,32.62361,4.079181246083816
Binda,5049,Valid,Eucrite-cm,5400.0,Found,1912.0,-34.31667,149.38333,3.7323937599033936
Waterville,24219,Valid,"Iron, IAB-ung",37125.0,Found,1917.0,47.767778,-119.876389,4.569666462336967
Bischtübe,5057,Valid,"Iron, IAB-sLL",48250.0,Found,1888.0,51.95,62.2,4.683497317688812
Delphos (d),6648,Valid,H5,276.0,Found,1969.0,34.05,-103.55,2.4409090836387484
Sierra Gorda,23590,Valid,"Iron, IIAB",26000.0,Found,1898.0,-22.9,-69.35,4.414973347987521
Hamilton (Queensland),11483,Valid,L6,68000.0,Found,1966.0,-28.48333,148.25,4.832508912712623
Delaware,6640,Valid,L4,8346.0,Found,1972.0,35.28333,-93.5,3.9214783804277262
Barwell,4954,Valid,L5,44000.0,Fell,1965.0,52.56528,-1.33972,4.643452676496057
Tonganoxie,24025,Valid,"Iron, IIIAB",11800.0,Found,1886.0,39.08333,-95.11667,4.07188200734293
Nawapali,16927,Valid,CM2,105.0,Fell,1890.0,21.25,83.66667,2.021189303206076
Nedagolla,16935,Valid,"Iron, ungrouped",4500.0,Fell,1870.0,18.68333,83.48333,3.6532125138718534
Kernouve,12284,Valid,H6,80000.0,Fell,1869.0,48.11667,-3.08333,4.903089986997372
Berdyansk,5027,Valid,L6,2250.0,Found,1843.0,46.75,36.81667,3.352182518304382
Youanmi,30373,Valid,"Iron, IIIAB",118400.0,Found,1917.0,-29.5,118.75,5.0733517023905685
Bjelaja Zerkov,5063,Valid,H6,1850.0,Fell,1796.0,49.78333,30.16667,3.2671717286377677
Hoxie,11915,Valid,OC,266.1,Fell,1963.0,39.35,-100.45,2.4250448761834615
Iquique,12045,Valid,"Iron, IVB",12500.0,Found,1871.0,-20.18333,-69.73333,4.0969100130428
Tamentit,23798,Valid,"Iron, IIIAB",510000.0,Found,1864.0,27.71667,-0.25,5.707570176098788
Deep Springs,6637,Valid,"Iron, ungrouped",11500.0,Found,1846.0,36.5,-79.75,4.060697840391376
Dumas (a),7741,Valid,H5,46050.0,Found,1956.0,35.9,-101.9,4.663229634542299
North West Forrest (E6),17007,Valid,EL6,4400.0,Found,1971.0,-30.6,127.81667,3.6434526765848907
Gao-Guenie,10854,Valid,H5,24.19,Fell,1960.0,11.65,-2.18333,1.383635886315351
Kerilis,12282,Valid,H5,5000.0,Fell,1874.0,48.4,-3.3,3.6989700044228777
Pillistfer,18822,Valid,EL6,23250.0,Fell,1863.0,58.66667,25.73333,4.3664229572446525
Pirapora,18833,Valid,"Iron, IIAB",6175.0,Found,1888.0,-17.3,-45.0,3.7906369620020346
Holland's Store,11896,Valid,"Iron, IIAB",12200.0,Found,1887.0,34.36667,-85.43333,4.086359830710347
Pesyanoe,18799,Valid,Aubrite,3393.0,Fell,1933.0,55.5,66.08333,3.530583859773115
Pohlitz,18853,Valid,L5,3000.0,Fell,1819.0,50.93333,12.13333,3.4771212548644272
Rush Creek,22786,Valid,L6,9300.0,Found,1938.0,38.61667,-102.71667,3.9684829486006334
Ikhrarene,12005,Valid,L4,5465.0,Found,1969.0,28.60417,1.04167,3.73759016636519
Bushnell,5180,Valid,H4,1240.0,Found,1939.0,41.23333,-103.9,3.0934216855124728
Iron Creek,12047,Valid,"Iron, IIIAB",175000.0,Found,1869.0,53.0,-112.0,5.243038048688776
Meerut,15469,Valid,H5,22.0,Fell,1861.0,29.01667,77.8,1.3424227005628642
Jonzac,12202,Valid,Eucrite-mmict,5000.0,Fell,1819.0,45.43333,-0.45,3.6989700044228777
Mulga (west),16849,Valid,C5/6-ung,169.2,Found,1971.0,-30.18333,126.36667,2.228400361269757
Madhipura,15379,Valid,L,1000.0,Fell,1950.0,25.91667,86.36667,3.0000000004342944
El Simbolar,7818,Valid,Iron,40000.0,Found,1938.0,-30.63333,-64.88333,4.60205999133882
Hale Center (no. 1),11477,Valid,L5,610.0,Found,1936.0,34.05,-101.75,2.785329835722725
Morristown,16750,Valid,Mesosiderite-A3,16300.0,Found,1887.0,36.2,-83.38333,4.212187604430602
Limerick,14652,Valid,H5,50000.0,Fell,1813.0,52.56667,-8.78333,4.698970004344705
Canton,5254,Valid,"Iron, IIIAB",7030.0,Found,1894.0,34.2,-84.48333,3.846955325081601
Newport,16962,Valid,"Pallasite, PMG",5600.0,Found,1923.0,35.6,-91.26667,3.748188027083753
Vigo Park,24175,Valid,L4,35.0,Found,1934.0,34.68333,-101.38333,1.5440680567586893
Landor,12458,Valid,Iron,9000.0,Found,1931.0,-25.66667,117.0,3.95424250948758
Pontlyfni,18865,Valid,Winonaite,157.0,Fell,1931.0,53.03639,-4.31944,2.195899655175441
Hayden Creek,11864,Valid,"Iron, IIIAB",270.0,Found,1895.0,45.0,-114.0,2.4313637657674856
Malotas,15397,Valid,H5,24.19,Fell,1931.0,-28.93333,-63.23333,1.383635886315351
Woodbine,24330,Valid,"Iron, IAB-ung",48200.0,Found,1953.0,42.34667,-90.1675,4.68304703824786
Kakowa,12231,Valid,L6,577.0,Fell,1858.0,45.13333,21.66667,2.7611758139084084
Kingfisher,12317,Valid,L5,8180.0,Found,1950.0,35.83333,-97.93333,3.9127533037244153
Franklin,10178,Valid,H5,9062.0,Found,1921.0,36.71667,-86.56667,3.957224057891092
Charsonville,5329,Valid,H6,27000.0,Fell,1810.0,47.93333,1.56667,4.431363764175073
Ehole,7774,Valid,H5,2400.0,Fell,1961.0,-17.3,15.83333,3.380211241892562
Carlton,5277,Valid,"Iron, IAB-sLM",81200.0,Found,1887.0,31.91667,-98.03333,4.909556029246524
Renca,22587,Valid,L5,300.0,Fell,1925.0,-32.75,-65.28333,2.477121256167311
Colfax,5402,Valid,"Iron, IAB-ung",2300.0,Found,1880.0,35.3,-81.73333,3.3617278362064167
Witklip Farm,24321,Valid,H5,22.0,Fell,1918.0,-26.0,30.0,1.3424227005628642
Cachiyuyal,5190,Valid,"Iron, IIIE",2500.0,Found,1874.0,-25.0,-69.5,3.3979400088457554
Shytal,23584,Valid,L6,3200.0,Fell,1863.0,24.33333,90.16667,3.505149978455623
Gifu,10914,Valid,L6,14290.0,Fell,1909.0,35.53333,136.88333,4.155032228821362
Bondoc,5103,Valid,Mesosiderite-B4,888600.0,Found,1956.0,13.51667,122.45,5.948706308905341
Seagraves,23469,Valid,H4,13000.0,Found,1962.0,32.93333,-102.58333,4.113943352340244
Motpena (b),16761,Valid,Chondrite-ung,304.0,Found,1972.0,-31.2,138.3,2.4828735850373542
Santa Cruz,23164,Valid,CM2,60.0,Fell,1939.0,24.16667,-99.33333,1.778151257621885
Auburn,4894,Valid,"Iron, IIG",3630.0,Found,1867.0,32.63333,-85.5,3.5599066251557527
Neenach,16938,Valid,L6,13800.0,Found,1948.0,34.8,-118.5,4.139879086432707
Bitburg,5062,Valid,"Iron, IAB complex",1500000.0,Found,1805.0,49.96667,6.53333,6.176091259055971
Hassi-Jekna,11852,Valid,"Iron, IAB-sHL",1250.0,Fell,1890.0,28.95,0.81667,3.096910013355492
Kaptal-Aryk,12253,Valid,L6,3500.0,Fell,1937.0,42.45,73.36667,3.5440680444743595
Oakley (stone),17973,Valid,H6,27700.0,Found,1895.0,38.95,-101.01667,4.442479769080127
Roosevelt County 042,22697,Valid,H5,32.6,Found,1969.0,34.08333,-103.51667,1.5132176133898554
al-Ghanim (iron),468,Valid,"Iron, IIIAB",500.0,Found,1960.0,19.83333,54.08333,2.698970005204608
Roosevelt County 043,22698,Valid,H4/5,52.1,Found,1969.0,34.08333,-103.61667,1.716837731635311
New Leipzig,16955,Valid,"Iron, IAB-MG",20000.0,Found,1936.0,46.36667,-101.95,4.301029995685696
Tuzla,24087,Valid,L6,236.0,Found,1920.0,44.01667,28.63333,2.3729120048103374
Ausson,4903,Valid,L5,50000.0,Fell,1858.0,43.08333,0.58333,4.698970004344705
Barntrup,4948,Valid,LL4,17.0,Fell,1886.0,52.0,9.1,1.2304489469250075
Patos de Minas (octahedrite),18114,Valid,"Iron, IAB complex",200000.0,Found,1925.0,-18.58333,-46.53333,5.301029995666153
Neptune Mountains,16944,Valid,"Iron, IAB complex",1070.0,Found,1964.0,-83.25,-55.0,3.029383778091092
Zabrodje,30380,Valid,L6,3000.0,Fell,1893.0,55.18333,27.91667,3.4771212548644272
Aumieres,4900,Valid,L6,2000.0,Fell,1842.0,44.33333,3.23333,3.3010299958811284
Grand Rapids,10955,Valid,"Iron, ungrouped",51700.0,Found,1883.0,42.96667,-85.76667,4.713490543102343
South Oman,23679,Valid,EH4/5,90.0,Found,1958.0,21.0,56.66667,1.954242514264819
Putinga,18905,Valid,L6,300000.0,Fell,1937.0,-29.03333,-53.05,5.47712125472111
Wellman (a),24237,Valid,H5,55000.0,Found,1940.0,33.03333,-102.33333,4.74036268950214
Butsura,5183,Valid,H6,29000.0,Fell,1861.0,27.08333,84.08333,4.462397997913932
Picote,18816,Valid,Stone-uncl,1915.0,Fell,1843.0,41.36667,-6.23333,3.2821687785314273
Rowena,22772,Valid,H6,34700.0,Found,1962.0,-29.8,148.63333,4.540329474803389
Hardwick,11828,Valid,L4,7800.0,Found,1937.0,43.8,-96.16667,3.892094602746159
Linwood,14657,Valid,"Iron, IAB-MG",46000.0,Found,1940.0,41.43333,-96.96667,4.662757831691016
Mokrousovo,16714,Valid,L/LL4/5,789.2,Found,1968.0,55.9,66.7,2.8971870771304506
Yurtuk,30378,Valid,Howardite,1472.0,Fell,1936.0,47.31667,35.36667,3.167907810296517
Mineo,16696,Valid,Pallasite,42.0,Fell,1826.0,37.28333,14.7,1.6232493007382451
Nejo,16941,Valid,L6,2450.0,Fell,1970.0,9.5,35.33333,3.3891660845417957
Adrian,388,Valid,H4,22600.0,Found,1936.0,35.15,-102.71667,4.354108439166618
Haven,11858,Valid,H6,6100.0,Found,1950.0,37.96417,-97.75583,3.7853298350819626
Rolla (d),22649,Valid,H,50.0,Found,1942.0,37.08333,-101.6,1.6989700130219083
St. Christophe-la-Chartreuse,23082,Valid,L6,5500.0,Fell,1841.0,46.95,-1.5,3.7403626895732067
Tjabe,24011,Valid,H6,20000.0,Fell,1869.0,-7.08333,111.53333,4.301029995685696
South Plains,23680,Valid,L5,4763.0,Found,1971.0,34.26667,-101.25,3.6778805816027713
Fuhe,52412,Valid,L5,23000.0,Fell,1945.0,31.47556,113.56694,4.361727836036475
Bath,4974,Valid,H4,21000.0,Fell,1892.0,45.41667,-98.31667,4.3222192947546
Mirzapur,16701,Valid,L5,8510.0,Fell,1910.0,25.68333,83.25,3.9299295601356214
Tafoya (a),23780,Valid,H4,270.0,Found,1951.0,36.45,-104.1,2.4313637657674856
Beardsley,4984,Valid,H5,16000.0,Fell,1929.0,39.8,-101.2,4.204119982683068
Shrewsbury,23581,Valid,"Iron, IAB-sLL",12000.0,Found,1907.0,39.76667,-76.66667,4.079181246083816
Tell,23893,Valid,H6,16600.0,Found,1930.0,34.38333,-100.4,4.220108088066217
Success,23736,Valid,L6,3500.0,Fell,1924.0,36.48333,-90.66667,3.5440680444743595
Nardoo (no. 1),16910,Valid,H5,3180.0,Found,1944.0,-29.53333,143.98333,3.5024271201210033
Barbianello,4941,Valid,"Iron, ungrouped",860.0,Found,1960.0,45.05778,9.19556,2.9344984517485613
View Hill,24173,Valid,"Iron, IIIAB",33600.0,Found,1952.0,-43.32,172.06333,4.526339277402769
Sierra Sandon,23591,Valid,"Iron, IIIAB",6330.0,Found,1923.0,-25.16667,-69.28333,3.801403710085964
Chervony Kut,5342,Valid,Eucrite-mmict,1700.0,Fell,1939.0,50.83333,34.0,3.2304489216337413
Mount Edith,16773,Valid,"Iron, IIIAB",326000.0,Found,1913.0,-22.5,116.16667,5.513217600069272
Oubari,18049,Valid,LL6,8000.0,Found,1944.0,26.8,13.58333,3.9030899870462306
Dispatch,7648,Valid,H,220.0,Found,1956.0,39.5,-98.53333,2.342422682796272
Loop (b),14703,Valid,H,1600.0,Found,1964.0,32.99167,-102.38833,3.204119982927359
Atlanta,4886,Valid,EL6,5500.0,Found,1938.0,31.8,-92.75,3.7403626895732067
Colby (Kansas),5394,Valid,H5,2400.0,Found,1940.0,39.41667,-101.05,3.380211241892562
Umbarger,24113,Valid,L6,13000.0,Found,1954.0,34.95,-102.1175,4.113943352340244
Avce,4906,Valid,"Iron, IIAB",1230.0,Fell,1908.0,46.0,13.5,3.0899051117924827
Novorybinskoe,17931,Valid,"Iron, IVA",3055.0,Found,1937.0,51.88333,71.25,3.4850112147207315
Okechobee,18001,Valid,L4,1000.0,Found,1916.0,26.68333,-80.8,3.0000000004342944
Ballarat,4929,Valid,"Iron, IAB complex",15.0,Found,1867.0,-37.57083,143.82533,1.1760912880086458
Uwet,24138,Valid,"Iron, IIAB",54000.0,Found,1903.0,5.28333,8.25,4.732393759831011
Longchang,14695,Valid,"Iron, IVA-an",158500.0,Found,1781.0,29.3,105.3,5.20002926655651
Northampton,17009,Valid,Iron,353.0,Found,1963.0,42.31667,-72.63333,2.5477747066181187
Mulberry Draw,16845,Valid,L5,9716.0,Found,1963.0,35.63333,-100.13333,3.987487506177792
Holbrook,11894,Valid,L/LL6,220000.0,Fell,1912.0,34.9,-110.18333,5.34242268082418
Sutton,23763,Valid,H5,7600.0,Found,1964.0,40.6,-97.86667,3.8808135923379354
Navajo,16926,Valid,"Iron, IIAB",2184000.0,Found,1921.0,35.33333,-109.5,6.339252634032898
Naruna (a),16916,Valid,H4,672.3,Found,1935.0,30.95,-98.26667,2.827563111900707
Victoria West,24171,Valid,"Iron, IAB-sHL",2950.0,Found,1860.0,-31.7,23.75,3.4698220161253817
Mazapil,15453,Valid,"Iron, IAB-sLL",4000.0,Fell,1885.0,24.68333,-101.68333,3.602059991436536
Mulga (north),16847,Valid,H6,19900.0,Found,1964.0,-30.18333,126.36667,4.298853076431531
Pirgunje,18834,Valid,L6,842.0,Fell,1882.0,25.8,88.45,2.9253120920154387
Laguna Manantiales,12413,Valid,Iron,92000.0,Found,1945.0,-48.58333,-67.41667,4.963787827350276
Lost Creek,14712,Valid,H3.8,4018.0,Found,1916.0,39.12417,-98.16778,3.6040099325203174
Forestburg (b),10122,Valid,L5,26600.0,Found,1957.0,33.49556,-97.58861,4.4248816366473935
Ibbenbüren,11992,Valid,Diogenite,2000.0,Fell,1870.0,52.28333,7.7,3.3010299958811284
Chinguetti,5354,Valid,Mesosiderite-B1,4050.0,Found,1920.0,20.25,-12.68333,3.6074550233219016
Bohumilitz,5099,Valid,"Iron, IAB-MG",59000.0,Found,1829.0,49.05,13.76667,4.770852011649505
Mtola,16820,Valid,Stone-uncl,1100.0,Fell,1944.0,-11.5,33.5,3.0413926855530384
Saotome,23174,Valid,"Iron, IVA",10880.0,Found,1892.0,36.5,137.0,4.036628895402078
Raoyang,22394,Valid,L6,4910.0,Fell,1919.0,38.2,115.7,3.6910814922114197
Caldera,5196,Valid,Eucrite-mmict,500.0,Found,1967.0,-27.05,-70.8,2.698970005204608
Esnandes,10051,Valid,L6,1500.0,Fell,1837.0,46.25,-1.1,3.176091259345211
Kokstad,12341,Valid,"Iron, IIIE",341000.0,Found,1884.0,-30.55,29.41667,5.532754378993771
Kikino,12306,Valid,H6,195.0,Fell,1809.0,55.0,34.0,2.290034613589669
Wagon Mound,24196,Valid,L6,87500.0,Found,1932.0,35.84083,-104.58583,4.942008053027276
Bethlehem,5032,Valid,H,13.9,Fell,1859.0,42.53333,-73.83333,1.1430148314983013
La Primitiva,12402,Valid,"Iron, IIG",27400.0,Found,1888.0,-19.91667,-69.81667,4.437750562836238
Palo Blanco Creek,18080,Valid,Eucrite-mmict,1482.0,Found,1954.0,36.5,-104.5,3.1708482039363557
Borkut,5113,Valid,L5,7000.0,Fell,1852.0,48.15,24.28333,3.845098040076299
Palmas de Monte Alto,48959,Valid,"Iron, IIIAB",97000.0,Found,1954.0,-14.3675,-43.02278,4.986771734270722
Roosevelt County 057,22712,Valid,L5,7.7,Found,1973.0,34.21667,-103.28333,0.886490781574359
Hökmark,11893,Valid,L4,305.5,Fell,1954.0,64.43333,21.2,2.4850112160001587
St. Mesmin,23092,Valid,LL6,8300.0,Fell,1866.0,48.45,3.93333,3.9190780924283986
Lucerne Valley 006,14730,Valid,H4,26.9,Found,1963.0,34.5,-116.95,1.429752296147184
Mike,16636,Valid,L6,224.2,Fell,1944.0,46.23333,17.53333,2.3506356101960395
Bethel (b),5031,Valid,H4,56.8,Found,1968.0,34.24667,-103.395,1.7543483433570484
Lazbuddie,12746,Valid,LL5,8600.0,Found,1970.0,34.5,-102.75,3.934498451294067
Renqiu,22589,Valid,L6,355.0,Fell,1916.0,38.66667,116.13333,2.5502283542784587
Yamato 7306,24372,Valid,H6,4.8,Found,1973.0,-71.5,35.66667,0.6812413278535948
Wildara,24265,Valid,H5,500000.0,Found,1968.0,-28.23333,120.85,5.698970004336887
Paulding County,18172,Valid,Iron,725.0,Found,1901.0,34.0,-84.8,2.8603380071700206
Elenovka,7824,Valid,L5,54640.0,Fell,1951.0,47.83333,37.66667,4.737510690681424
Tjerebon,24012,Valid,L5,16500.0,Fell,1922.0,-6.66667,106.58333,4.217483944240227
Timmersoi,24002,Valid,L5,516.0,Found,1966.0,18.91667,6.25,2.7126497024688674
Odessa (iron),17985,Valid,"Iron, IAB-MG",1600000.0,Found,1922.0,31.71667,-102.4,6.204119982656196
Zacatecas (1792),30381,Valid,"Iron, ungrouped",1000000.0,Found,1792.0,22.81667,-102.56667,6.000000000000434
Brownfield (iron),5154,Valid,"Iron, IID",1626.0,Found,1960.0,33.21667,-102.18333,3.211120541525143
Pep,18791,Valid,OC,591.0,Found,1966.0,33.73,-102.57667,2.7715874816161024
Tieschitz,23989,Valid,H/L3.6,28000.0,Fell,1878.0,49.6,17.11667,4.44715803135773
Aldsworth,461,Valid,LL5,700.0,Fell,1835.0,51.78333,-1.78333,2.8450980406346775
Delphos (a),6645,Valid,L4,1244.7,Found,1968.0,34.08333,-103.525,3.0950646898975505
Roosevelt,22655,Valid,H3.4,5200.0,Found,1972.0,34.86667,-98.95,3.7160033437183175
Big Rock Donga,5044,Valid,H6,19000.0,Found,1970.0,-30.55,130.96667,4.278753600975686
Uwharrie,24139,Valid,"Iron, IIIAB",72700.0,Found,1930.0,35.51667,-79.96667,4.861534410865011
La Lande,12400,Valid,L5,30000.0,Found,1933.0,34.45,-104.13333,4.477121254734139
Sleeper Camp 002,23628,Valid,Iron,39.5,Found,1966.0,-30.48333,126.25,1.596597106621257
Bells,5005,Valid,C2-ung,375.0,Fell,1961.0,33.6,-96.46667,2.5740312688858373
Macau,15370,Valid,H5,1500.0,Fell,1836.0,-5.2,-36.66667,3.176091259345211
Ferintosh,10090,Valid,OC,2201.0,Found,1965.0,52.8,-112.98333,3.342620042750665
São João Nepomuceno,23170,Valid,"Iron, IVA-an",15300.0,Found,1960.0,-21.55,-43.01667,4.184691430845984
Kielpa,12302,Valid,H5,13600.0,Found,1948.0,-33.6,136.1,4.1335389084021505
Hopper,11907,Valid,"Iron, IIIAB",1800.0,Found,1889.0,36.55,-79.78333,3.255272505344581
Cronstad,5474,Valid,H5,3650.0,Fell,1877.0,-27.7,27.3,3.5622928645754595
Luponnas,14757,Valid,H3-5,14000.0,Fell,1753.0,46.21667,5.0,4.146128035709259
Dalton,5509,Valid,"Iron, IIIAB",53000.0,Found,1879.0,34.8,-84.98333,4.7242758696089835
Roy (1934),22775,Valid,L6,5619.0,Found,1934.0,35.95,-104.2,3.74965903217219
Hale Center (no. 2),11478,Valid,H4,695.0,Found,1936.0,34.05,-101.75,2.841984805214998
Erxleben,10049,Valid,H6,2250.0,Fell,1812.0,52.21667,11.25,3.352182518304382
Valley Wells,24152,Valid,L6,129.9,Found,1929.0,35.46667,-115.66667,2.1136091544163262
Dwight,7756,Valid,L6,4100.0,Found,1940.0,38.85,-96.58333,3.612783856825661
Campo de Pucara (iron),5246,Valid,Iron,41.0,Found,1879.0,-27.66667,-67.11667,1.6127838673122836
Idutywa,12000,Valid,H5,3457.0,Fell,1956.0,-32.1,28.33333,3.538699379668034
Mrirt,16819,Valid,Iron,79900.0,Found,1937.0,33.13333,-5.56667,4.902546779319427
ar-Rakhbah,2338,Valid,Iron,462.0,Found,1955.0,20.6,52.5,2.664641976496157
Misshof,16703,Valid,H5,5800.0,Fell,1890.0,56.66667,23.0,3.7634279936378157
Imperial,12026,Valid,H4,4.0,Found,1908.0,32.86667,-115.58333,0.6020600999015693
Loop,14702,Valid,L6,5600.0,Found,1962.0,32.9,-102.28333,3.748188027083753
Virba,24185,Valid,L6,3600.0,Fell,1873.0,43.53333,22.63333,3.5563025008879245
Milly Milly,16688,Valid,"Iron, IIIAB",26500.0,Found,1921.0,-26.11667,116.66667,4.423245873953197
Ramnagar,22384,Valid,L6,3766.0,Fell,1940.0,26.45,82.9,3.575880315795966
Dimitrovgrad,7644,Valid,"Iron, IIIAB",100000.0,Found,1949.0,43.04639,22.86389,5.000000000004343
Paloduro,18081,Valid,"Iron, IIIE",3000.0,Found,1935.0,34.9,-101.21667,3.4771212548644272
Kilbourn,12308,Valid,H5,772.0,Fell,1911.0,43.58333,-89.6,2.887617300898294
Fisher,10107,Valid,L6,17600.0,Fell,1894.0,47.81667,-96.85,4.245512667838826
Losttown,14715,Valid,"Iron, IID",3000.0,Found,1868.0,34.25,-84.5,3.4771212548644272
Caratash,5265,Valid,LL6,8.0,Fell,1902.0,38.5,27.0,0.9030900412787504
Ambapur Nagla,2290,Valid,H5,6400.0,Fell,1895.0,27.66667,78.25,3.8061799740517457
Ghubara,10911,Valid,L5,1750000.0,Found,1954.0,19.22778,56.14278,6.243038048686542
Villarrica,24181,Valid,Stone-uncl,1915.0,Fell,1925.0,-25.83333,-56.5,3.2821687785314273
Wathena,24220,Valid,"Iron, IIAB",566.0,Found,1939.0,39.81667,-94.91667,2.7528164319555763
Duchesne,7737,Valid,"Iron, IVA",22700.0,Found,1906.0,40.38333,-110.86667,4.356025857212255
Barratta,4951,Valid,L4,200000.0,Found,1845.0,-35.3,144.56667,5.301029995666153
Donga Kohrod,7707,Valid,H6,230.0,Fell,1899.0,21.86667,82.45,2.3617278379058297
High Possil,11884,Valid,L6,4500.0,Fell,1804.0,55.9,-4.23333,3.6532125138718534
Shaw,23526,Valid,L6/7,17500.0,Found,1937.0,39.53333,-103.33333,4.243038048711111
Bagnone,4921,Valid,"Iron, IIIAB",48000.0,Found,1904.0,44.31667,9.98333,4.681241237384635
Grassland,10959,Valid,L4,4400.0,Found,1964.0,33.11667,-101.58333,3.6434526765848907
Morro do Rocio,16751,Valid,H5,369.0,Found,1928.0,-27.0,-51.0,2.5670263673360103
Tryon,24056,Valid,L6,15900.0,Found,1934.0,41.55,-100.96667,4.201397124347766
Ivanpah,12062,Valid,"Iron, IIIAB",58000.0,Found,1880.0,35.33333,-115.31667,4.763427993570425
Cold Bay,5396,Valid,"Pallasite, PES",320.0,Found,1921.0,55.18333,-162.55,2.505149979677076
Calivo,5200,Valid,Stone-uncl,2400.0,Fell,1916.0,11.75,122.33333,3.380211241892562
Roosevelt County 052,22707,Valid,H5,17.7,Found,1971.0,34.1,-103.48333,1.2479732908982173
Shibayama,23532,Valid,L6,235.0,Found,1969.0,35.765,140.41,2.371067864119798
Burkett,5170,Valid,"Iron, IAB-MG",8400.0,Found,1913.0,32.03333,-99.25,3.9242792861135833
Mount Sir Charles,16803,Valid,"Iron, IVA",22900.0,Found,1942.0,-23.83333,134.03333,4.359835482358853
Forest City,10119,Valid,H5,152000.0,Fell,1890.0,43.25,-93.66667,5.18184358794763
Rolla (1941),22648,Valid,H5,435.0,Found,1941.0,37.08333,-101.6,2.6384892579530153
Ipiranga,12043,Valid,H6,7000.0,Fell,1972.0,-25.5,-54.5,3.845098040076299
Tulia (a),24066,Valid,H3-4,86000.0,Found,1917.0,34.61667,-101.95,4.934498451248618
Pickens County,18815,Valid,H6,400.0,Found,1908.0,34.5,-84.5,2.6020599924136985
Kulak,12369,Valid,L5,453.6,Fell,1961.0,30.73111,66.80222,2.6566730468422897
Coolac,5432,Valid,"Iron, IAB-MG",19280.0,Found,1874.0,-34.96667,148.125,4.285107029589337
Fuling,10837,Valid,Iron,462.0,Found,1960.0,29.7,107.4,2.664641976496157
Toluca,24018,Valid,"Iron, IAB-sLL",3000000.0,Found,1776.0,19.56667,-99.56667,6.477121254719807
Reed City,22552,Valid,"Iron, ungrouped",20000.0,Found,1895.0,43.86667,-85.51667,4.301029995685696
De Cewsville,6621,Valid,H6,340.0,Fell,1887.0,43.0,-80.0,2.531478918319592
Landes,12457,Valid,"Iron, IAB-MG",69800.0,Found,1930.0,38.9,-79.18333,4.843855422629383
Plymouth,18850,Valid,"Iron, IIIAB",14000.0,Found,1893.0,41.33333,-86.31667,4.146128035709259
Lipovsky,14658,Valid,"Pallasite, PMG",3500.0,Found,1904.0,49.08333,42.51667,3.5440680444743595
Dhurmsala,7640,Valid,LL6,32000.0,Fell,1860.0,32.23333,76.46667,4.505149978333478
Mafra,15383,Valid,L3-4,600.0,Fell,1941.0,-26.16667,-49.93333,2.778151251107468
Selma,23486,Valid,H4,140600.0,Found,1906.0,32.4,-87.0,5.147985320686894
New York,55760,Valid,"Iron, IIIAB",2950.0,Found,1965.0,0.0,0.0,3.4698220161253817
Jackson County,12066,Valid,"Iron, IIIAB",450.0,Found,1846.0,36.41667,-85.5,2.6532125147404426
Hvittis,11989,Valid,EL6,14000.0,Fell,1901.0,61.18333,22.68333,4.146128035709259
Suchy Dul,23737,Valid,L6,815.3,Fell,1969.0,50.53806,16.26333,2.9113174428567112
Mount Ouray,16784,Valid,"Iron, IID",900.0,Found,1898.0,38.41667,-106.21667,2.9542425099218743
Phillips County (stone),18808,Valid,L6,57900.0,Fell,1901.0,40.0,-99.25,4.762678563734937
Slaton,23625,Valid,L4,1070.0,Found,1941.0,33.43333,-101.75,3.029383778091092
Messina,15495,Valid,L5,2405.0,Fell,1955.0,38.18333,15.56667,3.3811150808904302
Orvinio,18034,Valid,H6,3400.0,Fell,1872.0,42.13333,12.93333,3.5314789171699887
Rangala,22392,Valid,L6,3224.5,Fell,1937.0,25.38333,72.01667,3.5084623814080462
Deal,6634,Valid,L6,28.0,Fell,1829.0,40.25,-74.0,1.447158046852736
Somervell County,23665,Valid,"Pallasite, PMG",11800.0,Found,1919.0,32.18333,-97.8,4.07188200734293
Juvinas,12214,Valid,Eucrite-mmict,91000.0,Fell,1821.0,44.71667,4.3,4.959041392325866
Yorktown (Texas),30371,Valid,H5,3500.0,Found,1957.0,28.95,-97.40278,3.5440680444743595
Tazewell,23891,Valid,"Iron, IAB-sLH",27000.0,Found,1853.0,36.43333,-83.75,4.431363764175073
Little Spring Creek,30743,Valid,H5,2950.0,Found,1937.0,37.68333,-105.7,3.4698220161253817
Keen Mountain,12271,Valid,"Iron, IIAB",6690.0,Found,1950.0,37.21667,-82.0,3.8254261178327402
Bruderheim,5156,Valid,L6,303000.0,Fell,1960.0,53.9,-112.88333,5.481442628503738
St. Lawrence,23088,Valid,LL6,2600.0,Found,1965.0,31.73333,-101.505,3.4149733481378544
Seoni,23500,Valid,H6,20000.0,Fell,1966.0,21.68389,79.50083,4.301029995685696
Hashima,11848,Valid,H4,1110.6,Fell,1910.0,35.2945,136.70033,3.0455576695275925
Adalia,374,Valid,Eucrite-mmict,1.0,Found,1883.0,36.9,30.68333,4.342942647204277e-07
Seligman,23485,Valid,"Iron, IAB-MG",2200.0,Found,1949.0,35.28333,-112.86667,3.3424226810196127
Travis County (b),24041,Valid,H4,5900.0,Found,1889.0,30.55556,-97.95278,3.7708520117157533
Bogoslovka,5096,Valid,H5,2180.0,Found,1948.0,52.5,68.8,3.3384564938038226
Arcadia,2326,Valid,LL6,19400.0,Found,1937.0,41.41667,-99.1,4.287801729952612
Pima County,18823,Valid,"Iron, IIAB",210.0,Found,1947.0,32.2,-111.0,2.3222192968019884
Garnett,10862,Valid,H4,4788.0,Found,1938.0,38.26667,-95.25,3.680154141825078
Fairburn,56565,Valid,"Iron, IAB-ung",445.0,Found,1907.0,43.603,-103.026,2.6483600119568744
Yongning,30365,Valid,"Iron, IAB-ung",60000.0,Found,1971.0,22.75,108.33333,4.778151250390882
Acme,371,Valid,H5,75000.0,Found,1947.0,33.63333,-104.26667,4.875061263397491
Smith's Mountain,23652,Valid,"Iron, IIIAB",5000.0,Found,1863.0,36.41667,-80.0,3.6989700044228777
Kijima (1906),12305,Valid,Stone-uncl,331.0,Fell,1906.0,36.85,138.38333,2.5198279950877867
Dimmitt,7645,Valid,H3.7,200000.0,Found,1942.0,34.58333,-102.16667,5.301029995666153
Dermbach,6665,Valid,"Iron, ungrouped",1500.0,Found,1924.0,50.71667,10.11667,3.176091259345211
Atemajac,4884,Valid,L6,94.2,Fell,1896.0,20.06667,-103.66667,1.9740509074032222
Sioux County,23614,Valid,Eucrite-mmict,4100.0,Fell,1933.0,42.58333,-103.66667,3.612783856825661
Vilna,24183,Valid,L5,0.1,Fell,1967.0,54.225,-111.69167,-0.9999956570768955
Tierra Blanca,23988,Valid,Winonaite,860.0,Found,1965.0,34.93333,-102.01667,2.9344984517485613
Duwun,7754,Valid,L6,2117.0,Fell,1943.0,33.43333,127.26667,3.325720858224558
Daniel's Kuil,5513,Valid,EL6,1064.0,Fell,1868.0,-28.2,24.56667,3.026941628367201
Lixna,14670,Valid,H4,5213.0,Fell,1820.0,56.0,26.43333,3.717087725010329
Alamogordo,449,Valid,H5,13600.0,Found,1938.0,32.9,-105.93333,4.1335389084021505
Bur-Gheluai,5169,Valid,H5,120000.0,Fell,1919.0,5.0,48.0,5.0791812460512435
Haverö,11859,Valid,Ureilite,1544.0,Fell,1971.0,60.24556,22.06194,3.188647296280996
Brownfield (1937),5151,Valid,H3.7,40960.0,Found,1937.0,33.21667,-102.18333,4.612359947978377
Clinton,5381,Valid,Iron,7700.0,Found,1950.0,36.08333,-84.2,3.886490725228884
Cratheús (1931),5466,Valid,"Iron, IVA",27500.0,Found,1914.0,-5.25,-40.5,4.4393326938460556
Harriman (Om),11841,Valid,"Iron, IIIAB",13000.0,Found,1938.0,35.95,-84.56667,4.113943352340244
Brenham,5136,Valid,"Pallasite, PMG-an",4300000.0,Found,1882.0,37.5825,-99.16361,6.6334684555796875
Valkeala,24150,Valid,L6,4000.0,Found,1962.0,61.05,26.83333,3.602059991436536
Casas Grandes,5285,Valid,"Iron, IIIAB",1545000.0,Found,1867.0,30.4,-107.8,6.188928483761135
Hallingeberg,11479,Valid,L3.4,1456.0,Fell,1944.0,57.81667,16.23333,3.1631613752752976
Forrest Lakes,10161,Valid,LL5,500.0,Found,1948.0,-29.41667,129.5,2.698970005204608
Saint-Séverin,23102,Valid,LL6,271000.0,Fell,1966.0,45.3,0.23333,5.4329692908760086
Khetri,12296,Valid,H6,100.0,Fell,1867.0,28.01667,75.81667,2.0000000043429447
Hope,11905,Valid,"Iron, IAB-MG",6800.0,Found,1955.0,33.68333,-93.6,3.8325089127701033
Novy-Projekt,17935,Valid,OC,1001.0,Fell,1908.0,56.0,22.0,3.0004340779131793
as-Su'aydan,2354,Valid,L5,5855.0,Found,1960.0,21.25417,55.305,3.767526899482557
Hoba,11890,Valid,"Iron, IVB",60000000.0,Found,1920.0,-19.58333,17.91667,7.778151250383651
Mascombes,15438,Valid,L6,1000.0,Fell,1836.0,45.36667,1.86667,3.0000000004342944
Mulga (south),16848,Valid,H4,894.0,Found,1963.0,-30.2,126.36667,2.9513375192817057
Osseo,18037,Valid,"Iron, IAB complex",46300.0,Found,1931.0,47.63333,-80.08333,4.665580991027333
Hendersonville,11873,Valid,L5,6000.0,Found,1901.0,35.31667,-81.46667,3.778151250456026
Yatoor,30358,Valid,H5,13600.0,Fell,1852.0,14.3,79.76667,4.1335389084021505
Haniet-el-Beguel,11817,Valid,"Iron, IAB complex",2000.0,Found,1888.0,32.48333,4.4,3.3010299958811284
Quenggouk,22358,Valid,H4,6045.0,Fell,1857.0,17.76667,95.18333,3.7813963052686344
Heredia,11875,Valid,H5,1000.0,Fell,1857.0,10.0,-84.1,3.0000000004342944
Panhandle,18096,Valid,H5,1360.0,Found,1969.0,35.33333,-101.38333,3.1335389086895518
Le Pressoir,12748,Valid,H5,3000.0,Fell,1845.0,47.16667,0.43333,3.4771212548644272
Repeev Khutor,22590,Valid,"Iron, IIF",7000.0,Fell,1933.0,48.6,45.66667,3.845098040076299
Collescipoli,5403,Valid,H5,5000.0,Fell,1890.0,42.53333,12.61667,3.6989700044228777
Santa Isabel,23165,Valid,L6,5500.0,Fell,1924.0,-33.9,-61.7,3.7403626895732067
Shuangyang,23582,Valid,H5,3900.0,Fell,1971.0,43.5,125.66667,3.5910646071378567
Lost City,14711,Valid,H5,17000.0,Fell,1970.0,36.00833,-95.15,4.230448921403821
Lubbock,14722,Valid,L5,1457.8,Found,1938.0,33.6,-101.73333,3.16369794619048
Melrose (b),15476,Valid,Howardite,50.5,Found,1971.0,34.39833,-103.605,1.703291386718552
Hobbs,11891,Valid,H4,2300.0,Found,1933.0,32.73333,-103.1,3.3617278362064167
Jonesboro,12201,Valid,"Iron, IVA",30.0,Found,1891.0,36.3,-82.46667,1.4771212691961448
Barea,4946,Valid,Mesosiderite-A1,3200.0,Fell,1842.0,42.38333,-2.5,3.505149978455623
Lucerne Valley 001,14725,Valid,L6,15.8,Found,1963.0,34.5,-116.95,1.1986571144414144
Elyria,10030,Valid,"Iron, IIIAB",10900.0,Found,1971.0,38.28,-97.365,4.0374264979804675
West Point,24246,Valid,L6,3100.0,Found,1972.0,33.075,-102.045,3.4913616939743677
Tianlin,23983,Valid,"Iron, IAB complex",300000.0,Found,1956.0,24.3,106.1,5.47712125472111
Santa Luzia,23166,Valid,"Iron, IIAB",1918000.0,Found,1921.0,-16.26667,-47.95,6.282848602834871
Muddoor,16841,Valid,L5,4400.0,Fell,1865.0,12.63333,77.01667,3.6434526765848907
Schenectady,23458,Valid,H5,283.3,Fell,1968.0,42.86083,-73.95028,2.4522465760534216
Alexander County,464,Valid,"Iron, IAB complex",192.0,Found,1875.0,35.75,-81.25,2.2833012309655
Meuselbach,16626,Valid,L6,870.0,Fell,1897.0,50.58333,11.1,2.9395192531178074
Ferguson,10088,Valid,OC,220.0,Fell,1889.0,36.1,-81.41667,2.342422682796272
Kalkaska,12234,Valid,"Iron, IIIAB",9399.0,Found,1947.0,44.64694,-85.13667,3.973081649647574
El Sampal,7817,Valid,"Iron, IIIAB",142000.0,Found,1973.0,-44.53333,-70.36667,5.152288344386115
Zaisan,30388,Valid,H5,463.0,Fell,1963.0,47.5,83.0,2.665580991955954
Sarratola,23186,Valid,L5,265.0,Found,1948.0,24.4,81.88333,2.4232458755756547
Dalgaranga,5506,Valid,Mesosiderite-A,12200.0,Found,1923.0,-27.71667,117.25,4.086359830710347
Round Top (b),22769,Valid,H4,7166.0,Found,1939.0,30.06667,-96.7,3.8552768038906966
Roosevelt County 056,22711,Valid,H5,10.3,Found,1972.0,34.41667,-103.58333,1.012837266869683
Knyahinya,12335,Valid,L/LL5,500000.0,Fell,1866.0,48.9,22.4,5.698970004336887
Selden,23484,Valid,LL5,1560.0,Found,1960.0,39.53333,-100.56667,3.1931245986328554
Wilburton,24262,Valid,H5,207.8,Found,1940.0,37.08333,-101.76667,2.317645545311122
Hungen,11986,Valid,H6,112.0,Fell,1877.0,50.3,8.91667,2.049218026547811
Guanghua,11434,Valid,"Iron, IVA",190000.0,Found,1932.0,32.4,111.7,5.278753600955115
Blackwell,5068,Valid,L5,2381.0,Fell,1906.0,36.83333,-97.33333,3.3767593955872797
St. Peter,23094,Valid,L5,6800.0,Found,1957.0,39.4,-100.03333,3.8325089127701033
Santa Barbara,23161,Valid,L4,400.0,Fell,1873.0,-29.2,-51.86667,2.6020599924136985
Cincinnati,5366,Valid,"Iron, IIAB",1500.0,Found,1870.0,39.11667,-84.5,3.176091259345211
Coldwater (stone),5399,Valid,H5,16000.0,Found,1924.0,37.26667,-99.33333,4.204119982683068
Shields,23533,Valid,H5,9780.0,Found,1962.0,38.7,-100.35,3.990338854832008
Diep River,7642,Valid,L6,1000.0,Fell,1906.0,-33.75,18.56667,3.0000000004342944
Nazareth (b),16929,Valid,L6,3600.0,Found,1967.0,34.5,-102.25,3.5563025008879245
Nazareth (c),16930,Valid,H5,222.0,Found,1970.0,34.58333,-102.08333,2.34635297640692
Dungannon,7747,Valid,"Iron, IAB-MG",13000.0,Found,1922.0,36.85,-82.45,4.113943352340244
Cedartown,5304,Valid,"Iron, IIAB",11300.0,Found,1898.0,34.01667,-85.26667,4.053078443521853
Murchison,16875,Valid,CM2,100000.0,Fell,1969.0,-36.61667,145.2,5.000000000004343
Rakovka,22376,Valid,L6,9000.0,Fell,1878.0,52.98333,37.03333,3.95424250948758
Bonita Springs,5104,Valid,H5,41800.0,Found,1938.0,26.26667,-81.75,4.621176281785425
Eli Elwah,10013,Valid,L6,15200.0,Found,1888.0,-34.5,144.71667,4.181843587973344
Billings,5047,Valid,"Iron, IIIAB",24500.0,Found,1903.0,37.06667,-93.55,4.389166084382259
Hartley,11847,Valid,L,2100.0,Found,1967.0,35.94167,-102.16,3.322219294940726
Ucera,24097,Valid,H5,4590.0,Fell,1970.0,11.05,-69.85,3.6618126856318787
Richa,22598,Valid,"Iron, IID",1500.0,Found,1960.0,10.0,9.0,3.176091259345211
Sena,23495,Valid,H4,4000.0,Fell,1773.0,41.71667,-0.05,3.602059991436536
Zenda,30400,Valid,"Iron, IAB complex",3700.0,Found,1955.0,42.51333,-88.48944,3.5682017241843718
Allegan,2276,Valid,H5,32000.0,Fell,1899.0,42.53333,-85.88333,4.505149978333478
Elsinora,10027,Valid,H5,1797.0,Found,1922.0,-29.45,143.6,3.2545480773506514
Yangchiang,30348,Valid,H5,20000.0,Fell,1954.0,21.83333,111.83333,4.301029995685696
Udipi,24104,Valid,H5,3600.0,Fell,1866.0,13.48333,74.78333,3.5563025008879245
Washington County,24217,Valid,"Iron, ungrouped",5750.0,Found,1927.0,39.7,-103.16667,3.75966784476516
Mount Joy,16779,Valid,"Iron, IIAB",384000.0,Found,1887.0,39.78333,-77.21667,5.584331224368662
New Almelo,16951,Valid,L5,8000.0,Found,1917.0,39.66667,-100.0,3.9030899870462306
Puerta de Arauco,18896,Valid,Iron,1533.0,Found,1904.0,-28.88333,-66.66667,3.1855421551376724
Clifford,5380,Valid,L6,11360.0,Found,1962.0,39.1,-103.25833,4.05537833141323
Ivuna,12063,Valid,CI1,704.5,Fell,1938.0,-8.41667,32.43333,2.847880998061833
Kediri,12270,Valid,L4,3300.0,Fell,1940.0,-7.75,112.01667,3.518513940009492
Nyaung,17969,Valid,"Iron, IIIAB",737.6,Fell,1939.0,21.20833,94.91667,2.867820908634367
Inner Mongolia,12037,Valid,L6,3000.0,Fell,1963.0,41.0,112.0,3.4771212548644272
Boxhole,5126,Valid,"Iron, IIIAB",500000.0,Found,1937.0,-22.61667,135.2,5.698970004336887
Mount Dooling,16771,Valid,"Iron, IC",734000.0,Found,1909.0,-29.45,119.71667,5.8656960599166625
Orange River (iron),18023,Valid,"Iron, IIIAB",148800.0,Found,1855.0,-30.0,25.0,5.172602931212778
Umm Ruaba,24118,Valid,L5,1700.0,Fell,1966.0,13.46667,31.21667,3.2304489216337413
Peckelsheim,18181,Valid,Diogenite-pm,117.8,Fell,1953.0,51.66667,9.25,2.0711452941377932
Surprise Springs,23761,Valid,"Iron, IAB-sLL",1500.0,Found,1899.0,34.16667,-115.91667,3.176091259345211
Pollen,18860,Valid,CM2,253.6,Fell,1942.0,66.34833,14.015,2.4041492509222127
Farley,10073,Valid,H5,19400.0,Found,1936.0,36.33333,-104.05,4.287801729952612
Chulafinnee,5362,Valid,"Iron, IIIAB",16220.0,Found,1873.0,33.5,-85.66667,4.210050849901912
Dayton,6620,Valid,"Iron, IAB-sLH",26300.0,Found,1892.0,39.75,-84.16667,4.419955748506271
Crocker's Well,5473,Valid,LL7,3.8,Found,1956.0,-32.01667,139.78333,0.5797837109048167
Akwanga,432,Valid,H,3000.0,Fell,1959.0,8.91667,8.43333,3.4771212548644272
Ellisras,10023,Valid,Iron,2066.0,Found,1970.0,-23.83333,27.91667,3.315130317393812
Myhee Caunta,16887,Valid,OC,548.0,Fell,1842.0,23.05,72.63333,2.7387805592768775
Leeuwfontein,12756,Valid,L6,460.0,Fell,1912.0,-25.66667,28.36667,2.6627578326256924
Williston,24275,Valid,"Iron, IIIAB",7645.0,Found,1962.0,47.98333,-103.65,3.8833774898051465
Jajh deh Kot Lalu,12067,Valid,EL6,973.0,Fell,1926.0,26.75,68.41667,2.988112840714698
Roosevelt County 099,22754,Valid,H(5?),9.8,Found,1969.0,33.6,-103.3,0.991226120008256
Picacho,18814,Valid,"Iron, IIIAB",22000.0,Found,1952.0,33.2,-105.0,4.342422680841947
Paragould,18101,Valid,LL5,408000.0,Fell,1930.0,36.06667,-90.5,5.6106601630909445
Emery,10031,Valid,Mesosiderite-A3,16700.0,Found,1962.0,43.56333,-97.58333,4.222716471173589
San José,23125,Valid,H5,532.0,Found,1944.0,24.7,-99.08333,2.7259116331113913
Kukschin,12368,Valid,L6,2250.0,Fell,1938.0,51.15,31.7,3.352182518304382
Wessely,24244,Valid,H5,3750.0,Fell,1831.0,48.95,17.38333,3.5740312678435306
Redfields,22551,Valid,"Iron, ungrouped",8740.0,Found,1969.0,-30.71667,116.5,3.9415114326840937
Parambu,18102,Valid,LL5,2000.0,Fell,1967.0,-6.23333,-40.7,3.3010299958811284
Unter-Mässing,24124,Valid,"Iron, IIC",80000.0,Found,1920.0,49.09028,11.33333,4.903089986997372
Anthony,2310,Valid,H5,20000.0,Found,1919.0,37.08333,-98.05,4.301029995685696
Grzempach,11429,Valid,H5,690.0,Fell,1910.0,52.86667,16.63333,2.8388490913666677
Santiago Papasquiero,23169,Valid,"Iron, ungrouped",119500.0,Found,1958.0,24.5,-106.0,5.07736790528779
Laketon,12448,Valid,L6,3600.0,Found,1937.0,35.56667,-100.66667,3.5563025008879245
Bald Eagle,4924,Valid,"Iron, IIIAB",3200.0,Found,1891.0,41.28333,-77.05,3.505149978455623
Sungach,23745,Valid,H5,637.0,Fell,1935.0,44.86667,133.16667,2.804139433017131
Assam,2351,Valid,L5,2700.0,Found,1846.0,26.0,92.0,3.431363764319837
Haviland (a),11860,Valid,H5,1035.0,Found,1937.0,37.61667,-99.1,3.014940350212545
Aguila Blanca,417,Valid,L,1440.0,Fell,1920.0,-30.86667,-64.55,3.158362492396843
Jhung,12085,Valid,L5,5900.0,Fell,1873.0,31.3,72.38333,3.7708520117157533
Indarch,12027,Valid,EH4,27000.0,Fell,1891.0,39.75,46.66667,4.431363764175073
Lumpkin,14753,Valid,L6,340.0,Fell,1869.0,32.03333,-84.76667,2.531478918319592
Boguslavka,5098,Valid,"Iron, IIAB",256000.0,Fell,1916.0,44.55,131.63333,5.4082399653135464
Glasgow,10927,Valid,"Iron, IIIAB",20400.0,Found,1922.0,37.01667,-85.91667,4.309630167447188
Bursa,5177,Valid,L6,25000.0,Fell,1946.0,40.2,29.23333,4.397940008689409
Oufrane,18051,Valid,L,540.0,Found,1969.0,28.29583,0.025,2.7323937606272177
Howe,11914,Valid,H5,8630.0,Found,1938.0,33.5,-96.6,3.9360107957655335
Dalgety Downs,5507,Valid,L4,257000.0,Found,1941.0,-25.33333,116.18333,5.409933123332984
Lime Creek,14651,Valid,"Iron, IAB-ung",20000.0,Found,1834.0,31.55,-87.51667,4.301029995685696
Breitscheid,5134,Valid,H5,1500.0,Fell,1956.0,50.66694,8.18361,3.176091259345211
Tauti,23888,Valid,L6,21000.0,Fell,1937.0,46.71667,23.5,4.3222192947546
Wabar,24194,Valid,"Iron, IIIAB",2550000.0,Found,1863.0,21.49972,50.47222,6.406540180434125
Turtle River,24085,Valid,"Iron, IIIAB",22390.0,Found,1953.0,47.6,-94.76667,4.350054093598427
Yamato 691,24358,Valid,EH3,715.0,Found,1969.0,-71.84861,36.51944,2.8543060424084854
Round Top (a),22768,Valid,L5,9935.0,Found,1934.0,30.05806,-96.65139,3.9971678714895473
New Moore (a),16958,Valid,OC,100.3,Found,1972.0,33.11667,-102.11667,2.001300937350373
Winburg,24283,Valid,"Iron, IC-an",50000.0,Found,1881.0,-28.5,27.0,4.698970004344705
Pavel,18173,Valid,H5,2968.0,Fell,1966.0,43.46667,25.51667,3.472463896753315
Bluff (a),5087,Valid,L5,153300.0,Found,1878.0,29.87861,-96.87222,5.185542154857208
Campbellsville,5245,Valid,"Iron, IIIAB",15400.0,Found,1929.0,37.36667,-85.36667,4.187520720864664
Chañaral,5319,Valid,"Iron, IIIAB",1207.0,Found,1884.0,-26.5,-70.25,3.081707270457162
Slobodka,23645,Valid,L4,2750.0,Fell,1818.0,55.0,35.0,3.439332693988188
Oesel,17989,Valid,L6,6000.0,Fell,1855.0,58.5,23.0,3.778151250456026
Bhagur,5037,Valid,L6,18.0,Fell,1877.0,20.88333,74.83333,1.2552725292307767
Kimble County,12311,Valid,H6,153800.0,Found,1918.0,30.41667,-99.4,5.186956335468236
Whitman,24254,Valid,H5,221.0,Found,1937.0,42.03333,-101.5,2.344392275650244
Ilinskaya Stanitza,12023,Valid,"Iron, IIIAB",5621.0,Found,1915.0,51.23333,57.38333,3.749813585370201
Garden Head,10857,Valid,"Iron, IAB-sHH",1296.0,Found,1944.0,49.81667,-108.46,3.1126050018696785
Rub' al-Khali 002,22777,Valid,L6,55.0,Found,1955.0,20.0,50.0,1.740362697390507
Amber,2291,Valid,L6,4532.0,Found,1934.0,35.16667,-97.88333,3.656289901287188
Novo-Urei,17933,Valid,Ureilite,1900.0,Fell,1886.0,54.81667,46.0,3.278753601181405
Leander,12753,Valid,L4,760.0,Found,1940.0,30.6,-97.9,2.8808135928522316
Skookum,23623,Valid,"Iron, IVB",16000.0,Found,1905.0,63.91667,-139.33333,4.204119982683068
Monte das Fortes,16725,Valid,L5,4885.0,Fell,1950.0,38.01667,-8.25,3.688864568143696
Duel Hill (1854),7738,Valid,"Iron, IVA",21800.0,Found,1854.0,35.85,-82.7,4.338456493624527
Summit,23744,Valid,"Iron, IIAB",1000.0,Found,1890.0,34.2,-86.48333,3.0000000004342944
West Forrest,24245,Valid,H5,170.6,Found,1971.0,-30.75,127.98333,2.231979029377193
Forrest 005,10128,Valid,H4,36.0,Found,1970.0,-30.45833,128.21667,1.5563025128310226
Bath Furnace,4975,Valid,L6,86000.0,Fell,1902.0,38.25,-83.75,4.934498451248618
Banten,4938,Valid,CM2,629.0,Fell,1933.0,-6.33333,106.0,2.7986506461357212
McCook,15459,Valid,L6,3602.0,Found,1965.0,40.02,-100.78333,3.5565437086040848
Kota-Kota,12351,Valid,EH3,334.0,Found,1905.0,-13.01667,34.2,2.5237464681118476
Ameca-Ameca,2292,Valid,Iron,1.2,Found,1889.0,20.58333,-104.06667,0.07918160795954224
Little River (a),14665,Valid,H6,4400.0,Found,1967.0,38.38333,-98.01667,3.6434526765848907
Muleshoe,16846,Valid,H4/6,3600.0,Found,1972.0,34.12167,-102.695,3.5563025008879245
Mooresfort,16737,Valid,H5,3520.0,Fell,1810.0,52.45,-8.33333,3.5465426636015103
Mellenbye,15473,Valid,LL6,1181.6,Found,1929.0,-28.85,116.28333,3.072470482671441
Gundaring,11452,Valid,"Iron, IIIAB",112500.0,Found,1937.0,-33.3,117.66667,5.0511525224512415
Elba,7821,Valid,H5,4175.0,Found,1966.0,39.83333,-103.21667,3.6206564799236434
Ställdalen,23712,Valid,H5,34000.0,Fell,1876.0,59.93333,14.95,4.531478917055028
Dyalpur,7757,Valid,Ureilite,300.0,Fell,1872.0,26.25,82.0,2.477121256167311
Waltman,24211,Valid,L4,23410.0,Found,1948.0,43.0,-107.16667,4.369401413715176
Sabetmahet,22792,Valid,H5,1250.0,Fell,1855.0,27.43333,82.08333,3.096910013355492
Okabe,17998,Valid,H5,194.0,Fell,1958.0,36.18333,139.21667,2.2878017321688575
Krähenberg,12353,Valid,LL5,16500.0,Fell,1869.0,49.32694,7.46472,4.217483944240227
Nikolskoe,16977,Valid,L4,6000.0,Fell,1954.0,56.11667,37.33333,3.778151250456026
Kelly,12273,Valid,LL4,44300.0,Found,1937.0,40.46667,-103.03333,4.646403726232873
Salles,23111,Valid,L5,9000.0,Fell,1798.0,46.05,4.63333,3.95424250948758
Dresden (Ontario),7731,Valid,H6,47700.0,Fell,1939.0,42.52,-82.26,4.678518379049218
Olivenza,18013,Valid,LL5,150000.0,Fell,1924.0,38.71667,-7.06667,5.176091259058577
Chamberlin,5317,Valid,H5,2400.0,Found,1941.0,36.2,-102.45,3.380211241892562
Patwar,18171,Valid,Mesosiderite-A1,37350.0,Fell,1935.0,23.15,91.18333,4.572290606163046
Nakhla,16898,Valid,Martian (nakhlite),10000.0,Fell,1911.0,31.31667,30.35,4.000000000043429
Ishinga,12049,Valid,H,1300.0,Fell,1954.0,-8.93333,33.8,3.1139433526409093
Prambanan,18884,Valid,"Iron, ungrouped",500000.0,Found,1797.0,-7.56667,110.83333,5.698970004336887
Santa Apolonia,23160,Valid,"Iron, IIIAB",1316000.0,Found,1872.0,19.21667,-98.3,6.119255889278267
Seres,23501,Valid,H4,8500.0,Fell,1818.0,41.05,23.56667,3.929418925765386
Bali,4928,Valid,CV3,1000.0,Fell,1907.0,5.38333,16.38333,3.0000000004342944
Bodaibo,5094,Valid,"Iron, IVA",15900.0,Found,1907.0,57.85,114.2,4.201397124347766
Weekeroo Station,24230,Valid,"Iron, IIE-an",94200.0,Found,1924.0,-32.26667,139.86667,4.9740509027974875
Eagle,7760,Valid,EL6,10000.0,Fell,1947.0,40.78167,-96.47167,4.000000000043429
Nova Petropolis,17928,Valid,"Iron, IIIAB",305000.0,Found,1967.0,-29.43333,-50.91667,5.48429983934821
Henbury,11872,Valid,"Iron, IIIAB",2000000.0,Found,1931.0,-24.56667,133.16667,6.301029995664198
Cleburne,5377,Valid,"Iron, IVA",6800.0,Found,1907.0,32.31667,-97.41667,3.8325089127701033
Cold Bokkeveld,5397,Valid,CM2,5200.0,Fell,1838.0,-33.13333,19.38333,3.7160033437183175
Teocaltiche,23901,Valid,Iron,10000.0,Found,1903.0,21.43333,-102.56667,4.000000000043429
Sidney,23585,Valid,L,6000.0,Found,1941.0,41.05,-102.9,3.778151250456026
Kaffir (a),12223,Valid,L5,1874.9,Found,1965.0,34.62333,-101.91667,3.2729781093053205
Gnadenfrei,10936,Valid,H5,1750.0,Fell,1879.0,50.66667,16.76667,3.2430380489344626
Mount Browne,16766,Valid,H6,11300.0,Fell,1902.0,-29.8,141.7,4.053078443521853
Nardoo (no. 2),16911,Valid,L6,1694.0,Found,1944.0,-29.5,144.06667,3.2289134062510603
Roosevelt County 058,22713,Valid,L4,12.0,Found,1968.0,34.08333,-103.5,1.07918128223883
Smithville,23654,Valid,"Iron, IAB-MG",70500.0,Found,1840.0,35.98333,-85.85,4.848189116997559
Potter,18878,Valid,L6,261000.0,Found,1941.0,41.23333,-103.3,5.416640507339945
Suwahib (Adraj),23765,Valid,L4,118.1,Found,1932.0,20.01667,50.93333,2.07224990129086
Alessandria,463,Valid,H5,908.0,Fell,1860.0,44.88333,8.75,2.958085848999383
Ellerslie,10020,Valid,L5,10200.0,Found,1905.0,-28.9,146.76667,4.0086001718044955
Riverton,22613,Valid,H5,103.3,Found,1960.0,50.94,-96.99167,2.0141003257238266
Krymka,12364,Valid,LL3.2,50000.0,Fell,1946.0,47.83333,30.76667,4.698970004344705
Nobleborough,16984,Valid,Eucrite-pmict,2300.0,Fell,1823.0,44.08333,-69.48333,3.3617278362064167
Hobbs (b),11892,Valid,H5,1600.0,Found,1933.0,32.73333,-103.1,3.204119982927359
Tenham,23897,Valid,L6,160000.0,Fell,1879.0,-25.73333,142.95,5.204119982658639
Berlanguillas,5029,Valid,L6,1440.0,Fell,1811.0,41.68333,-3.8,3.158362492396843
Ruff's Mountain,22779,Valid,"Iron, IIIAB",53070.0,Found,1844.0,34.3,-81.4,4.724849087637569
Poison Spring,18857,Valid,Iron,524.0,Found,1971.0,38.17,-110.36667,2.719331287812533
Frenchman Bay,10182,Valid,H3.5,8800.0,Found,1964.0,-30.60833,115.16667,3.9444826721995203
Gurram Konda,11464,Valid,L6,28.0,Fell,1814.0,13.78333,78.56667,1.447158046852736
Butler,5182,Valid,"Iron, ungrouped",41000.0,Found,1874.0,38.3,-94.36667,4.612783856730328
Brewster,5137,Valid,L6,17000.0,Found,1940.0,39.25,-101.33333,4.230448921403821
Beenham,4995,Valid,L5,44400.0,Found,1937.0,36.21667,-103.65,4.647382970124402
Travis County (a),24040,Valid,H5,175400.0,Found,1889.0,30.3,-97.7,5.244029589032498
Bellsbank,5006,Valid,"Iron, IIG",38000.0,Found,1955.0,-28.08333,24.08333,4.579783596628239
Hamilton (Texas),11484,Valid,OC,2700.0,Found,1965.0,31.59333,-98.25,3.431363764319837
Luotolax,14756,Valid,Howardite,885.0,Fell,1813.0,61.2,27.7,2.9469432711885535
Lawrence,12744,Valid,L6,515.0,Found,1928.0,38.96667,-95.16667,2.711807229884481
Tatum,23886,Valid,H4,1787.0,Found,1938.0,33.23333,-103.44167,3.252124552748674
Sierra County,23589,Valid,H5,1000.0,Found,1962.0,33.0,-107.5,3.0000000004342944
Mässing,15443,Valid,Howardite,1600.0,Fell,1803.0,48.13333,12.61667,3.204119982927359
Benares (a),5011,Valid,LL4,3700.0,Fell,1798.0,25.36667,82.91667,3.5682017241843718
Densmore (1879),6656,Valid,L6,37200.0,Found,1879.0,39.65,-99.68333,4.570542939893572
Ankober,2304,Valid,H4,6500.0,Fell,1942.0,9.53333,39.71667,3.8129133567096702
Isoulane-n-Amahar,12052,Valid,L6,72000.0,Found,1945.0,27.12917,8.66722,4.857332496437301
Pei Xian,18784,Valid,Iron,400000.0,Found,1917.0,34.7,117.0,5.602059991329048
Yamato 696,24363,Valid,H5,41.0,Found,1969.0,-71.5,35.66667,1.6127838673122836
Krutikha,12363,Valid,OC,845.2,Fell,1906.0,56.8,77.0,2.926959488894112
Fayetteville,10079,Valid,H4,2360.0,Fell,1934.0,36.05,-94.16667,3.3729120031541298
Rancho de la Pila (1882),22389,Valid,"Iron, IIIAB",46500.0,Found,1882.0,24.11667,-104.3,4.667452952899294
Lamont,12453,Valid,Mesosiderite,38690.0,Found,1940.0,38.07778,-96.02639,4.58759872973247
Schönenberg,23460,Valid,L6,8000.0,Fell,1846.0,48.11667,10.46667,3.9030899870462306
Roy (1933),22774,Valid,L5,47200.0,Found,1933.0,35.95,-104.2,4.673941998643289
Grier (a),11202,Valid,OC,12.4,Found,1969.0,34.38167,-103.39167,1.0934217201859822
Independence,12028,Valid,L6,880.0,Fell,1917.0,39.08333,-94.4,2.944482672643685
Eichstädt,7775,Valid,H5,3000.0,Fell,1785.0,48.9,11.21667,3.4771212548644272
Finney,10104,Valid,L5,10700.0,Found,1962.0,34.26667,-101.56667,4.029383777725798
Kanzaki,12250,Valid,H,483.0,Found,1905.0,33.3,130.36667,2.6839471316506724
Yenberrie,30361,Valid,"Iron, IAB-MG",132000.0,Found,1918.0,-14.25,132.01667,5.12057393120914
Slobodka (of P. Partsch),23646,Valid,L6,950.0,Found,1838.0,55.0,35.0,2.9777236057459997
Bou Hadid,5118,Valid,L,374.0,Found,1969.0,28.3125,0.23333,2.5728716033616954
Ferguson Switch,10089,Valid,H5,1700.0,Found,1937.0,34.0,-101.5,3.2304489216337413
Ouallen,18048,Valid,H6,5174.0,Found,1936.0,24.16667,0.08333,3.7138264244644623
Piñon,18828,Valid,"Iron, ungrouped",17850.0,Found,1928.0,32.66667,-105.1,4.251638220472542
Armanty,2335,Valid,"Iron, IIIE",28000000.0,Found,1898.0,47.0,88.0,7.4471580313422345
Yamato 699,24366,Valid,H5,10.0,Found,1969.0,-71.5,35.66667,1.000000043429446
Min-Fan-Zhun,16697,Valid,LL6,5500.0,Fell,1952.0,32.33333,120.66667,3.7403626895732067
Fort Stockton,10168,Valid,Iron,4762.8,Found,1952.0,30.91667,-103.06667,3.677862345045973
Haraiya,11824,Valid,Eucrite-mmict,1000.0,Fell,1878.0,26.8,82.53333,3.0000000004342944
Babb's Mill (Blake's Iron),4915,Valid,"Iron, ungrouped",136000.0,Found,1876.0,36.3,-82.88333,5.133538908373411
Essebi,10055,Valid,C2-ung,500.0,Fell,1957.0,2.88333,30.83333,2.698970005204608
Dix,7651,Valid,L6,44000.0,Found,1927.0,41.23333,-103.48333,4.643452676496057
Owrucz,18062,Valid,OC,548.0,Fell,1775.0,51.33333,28.83333,2.7387805592768775
Leonovka,12765,Valid,L6,700.0,Fell,1900.0,52.26667,32.85,2.8450980406346775
Acomita,372,Valid,"Pallasite, PMG",3956.0,Found,1962.0,35.05,-107.56667,3.597256283034923
Mills,16687,Valid,H6,88000.0,Found,1970.0,36.23,-104.11889,4.944482672155104
Parsa,18109,Valid,EH3,800.0,Fell,1942.0,26.2,85.4,2.9030899875348117
Castray River,5294,Valid,Iron,10.0,Found,1899.0,-41.5,145.41667,1.000000043429446
Barbacena,4940,Valid,"Iron, ungrouped",9026.0,Found,1918.0,-21.21667,-43.93333,3.955495329232243
Zapata County,30393,Valid,Iron,462.0,Found,1930.0,27.0,-99.0,2.664641976496157
Huizopa,11985,Valid,"Iron, IVA",140000.0,Found,1907.0,28.9,-108.56667,5.146128035681341
San Juan Capistrano,23128,Valid,H6,56.0,Fell,1973.0,33.48472,-117.6625,1.748188034761459
Calliham,5201,Valid,L6,40000.0,Found,1958.0,28.41667,-98.25,4.60205999133882
Manegaon,15403,Valid,Diogenite,50.0,Fell,1843.0,20.96667,76.1,1.6989700130219083
Coolamon,5433,Valid,L6,393.0,Found,1921.0,-34.81667,147.13333,2.5943925514805017
Bledsoe,5074,Valid,H4,30500.0,Found,1970.0,33.59167,-103.02667,4.484299839361025
North West Forrest (H),17008,Valid,H4,238.4,Found,1969.0,-30.76667,128.01667,2.377306252889904
Smithland,23650,Valid,"Iron, IVA",5000.0,Found,1839.0,37.13333,-88.4,3.6989700044228777
Iredell,12046,Valid,"Iron, IIAB",1500.0,Found,1898.0,31.96667,-97.86667,3.176091259345211
Hart Camp,11846,Valid,H6,1200.0,Found,1970.0,33.99833,-102.17667,3.079181246409537
Hainholz,11473,Valid,Mesosiderite-A4,16500.0,Found,1856.0,52.28333,8.91667,4.217483944240227
Atoka,4888,Valid,L6,1384.2,Fell,1945.0,34.31667,-96.15,3.1411988452184882
Seymchan,23510,Valid,"Pallasite, PMG",323300.0,Found,1967.0,62.9,152.43333,5.509605704612899
Forrest 004,10127,Valid,L6,64.0,Found,1970.0,-30.46667,128.2,1.8061799807697383
Honolulu,11904,Valid,L5,2420.0,Fell,1825.0,21.3,-157.86667,3.383815366159892
Burgavli,5168,Valid,"Iron, IAB-MG",24900.0,Found,1941.0,66.4,137.46667,4.3961993471131775
Patrimonio,18116,Valid,L6,2121.0,Fell,1950.0,-19.53333,-48.56667,3.326540668721321
Reager,22401,Valid,L6,230.0,Found,1948.0,39.78333,-100.0,2.3617278379058297
Roebourne,22644,Valid,"Iron, IIIAB",86860.0,Found,1892.0,-22.33333,118.0,4.93881982503121
Elida (b),10015,Valid,OC,537.8,Found,1968.0,33.91667,-103.51833,2.730620798694822
Comanche (iron),5414,Valid,"Iron, IAB-sLL",19700.0,Found,1940.0,32.01667,-98.7,4.294466226183638
Roosevelt County 051,22706,Valid,L5,29.4,Found,1971.0,34.21667,-103.35,1.4683473451840783
Commodore,5416,Valid,H6,304.3,Found,1972.0,-31.2,138.3,2.483301953785359
Madiun,15380,Valid,L6,400.0,Fell,1935.0,-7.75,111.53333,2.6020599924136985
Mosca,16755,Valid,L6,6220.0,Found,1942.0,37.63333,-105.83333,3.793790384760641
Krzadka,12365,Valid,Iron,2500.0,Found,1929.0,50.375,21.73333,3.3979400088457554
La Charca,12394,Valid,OC,399.0,Fell,1878.0,20.66667,-101.28333,2.6009728967752057
Buenaventura,5162,Valid,"Iron, IIIAB",113600.0,Found,1969.0,29.8,-107.55,5.055378331378823
Nikolaevka,16976,Valid,H4,3996.0,Fell,1935.0,52.45,78.63333,3.601625479662627
Angers,2301,Valid,L6,33.0,Fell,1822.0,47.46667,-0.55,1.518513953038326
St. Genevieve County,23086,Valid,"Iron, IIIF",244500.0,Found,1888.0,37.96667,-90.31667,5.388278863461415
Tysnes Island,24094,Valid,H4,19860.0,Fell,1884.0,60.0,5.61667,4.297979244181231
Sylacauga,23773,Valid,H4,5560.0,Fell,1954.0,33.18836,-86.2945,3.745074791660168
Las Salinas,12734,Valid,"Iron, IIIAB",3515.0,Found,1905.0,-23.0,-69.5,3.5459253294793975
Murnpeowie,16878,Valid,"Iron, IC",1143000.0,Found,1909.0,-29.58333,139.9,6.058046230395662
Comanche (stone),5415,Valid,L5,2400.0,Found,1956.0,31.99167,-98.65167,3.380211241892562
Mühlau,16843,Valid,OC,5.0,Found,1877.0,47.28333,11.41667,0.6989700911949065
Kulnine,12372,Valid,L6,55300.0,Found,1886.0,-34.15,141.78333,4.742725131312552
Simbirsk (of P. Partsch),23602,Valid,OC,1500.0,Found,1838.0,54.3,48.4,3.176091259345211
Mayday,15448,Valid,H4,6900.0,Found,1955.0,39.47444,-96.925,3.8388490908001964
Naruna (b),16917,Valid,H4,513.3,Found,1942.0,30.95,-98.28333,2.7103712651068457
Carraweena,5281,Valid,L3.9,31600.0,Found,1914.0,-29.23333,139.93333,4.499687082632147
Karatu,12258,Valid,LL6,2220.0,Fell,1963.0,-3.5,35.58333,3.346352974646267
Ojuelos Altos,17997,Valid,L6,5850.0,Fell,1926.0,38.18333,-5.4,3.767155866156419
Etosha,10061,Valid,"Iron, IC",110700.0,Found,1970.0,-18.5,16.0,5.044147620882646
Alt Bela,2283,Valid,"Iron, IID",4000.0,Found,1898.0,49.76667,18.25,3.602059991436536
São Jose do Rio Preto,23171,Valid,H4,927.0,Fell,1962.0,-20.81,-49.38056,2.967079734612992
Uden,24103,Valid,LL7,710.0,Fell,1840.0,51.65,5.61667,2.8512583493307577
Algoma,470,Valid,"Iron, IAB-sHL",4100.0,Found,1887.0,44.65,-87.46667,3.612783856825661
Kendleton,12275,Valid,L4,6937.0,Fell,1939.0,29.45,-96.0,3.8411716945621377
Bialystok,5042,Valid,Eucrite-pmict,4000.0,Fell,1827.0,53.1,23.2,3.602059991436536
Cedar (Texas),5303,Valid,H4,26000.0,Found,1900.0,29.82806,-96.90861,4.414973347987521
Rolla (1939),22647,Valid,H4,207.5,Found,1939.0,37.11667,-101.6,2.317018103141097
Concho,5417,Valid,L6,93500.0,Found,1939.0,32.0,-101.5,4.9708116108771625
Dresden (Kansas),7730,Valid,H5,6760.0,Found,1953.0,39.61667,-100.46306,3.8299466960058806
Grossliebenthal,11208,Valid,L6,8000.0,Fell,1881.0,46.35,30.58333,3.9030899870462306
Franceville,10173,Valid,"Iron, IIIAB",18800.0,Found,1890.0,38.81667,-104.61667,4.27415784928678
Tadjera,23778,Valid,L5,9000.0,Fell,1867.0,36.18333,5.41667,3.95424250948758
Valdavur,24144,Valid,H6,2799.0,Fell,1944.0,11.98333,79.75,3.447002898621323
Vigarano,24174,Valid,CV3,15000.0,Fell,1910.0,44.85,11.4,4.176091259084634
Otomi,18045,Valid,H,6510.0,Fell,1867.0,38.4,140.35,3.8135809886349037
Hassayampa,11851,Valid,H4,16000.0,Found,1963.0,33.75,-112.66667,4.204119982683068
Monte Colina,16724,Valid,L3,116.8,Found,1963.0,-29.4,139.98333,2.0674428464946555
Portales (c),18873,Valid,H4,6000.0,Found,1967.0,34.1,-103.41667,3.778151250456026
Belle Plaine,5004,Valid,L6,78800.0,Found,1950.0,37.31667,-97.25,4.896526217495067
Dale Dry Lake,5505,Valid,L3.7,300.0,Found,1957.0,34.08333,-115.78333,2.477121256167311
Nazareth (a),16928,Valid,L6,44.0,Found,1938.0,34.5,-102.25,1.6434526863565164
Ibitira,11993,Valid,Eucrite-mmict,2500.0,Fell,1957.0,-20.0,-45.0,3.3979400088457554
Poonarunna,18868,Valid,H5,76.0,Found,1970.0,-27.76667,137.85,1.8808135979951923
Cushing,5499,Valid,H4,567.0,Found,1932.0,35.96667,-96.76667,2.753583059658858
Clovis (no. 1),5385,Valid,H3.6,283000.0,Found,1961.0,34.3,-103.13472,5.4517864355258245
Villedieu,24182,Valid,H4,14000.0,Found,1890.0,47.91667,4.35,4.146128035709259
Changxing,5323,Valid,H5,27900.0,Found,1964.0,31.33333,121.66667,4.445604203289164
Jelica,12078,Valid,LL6,34000.0,Fell,1889.0,43.83333,20.44167,4.531478917055028
Pevensey,18805,Valid,LL5,4300.0,Found,1868.0,-34.78333,144.66667,3.6334684556805854
Marilia,15422,Valid,H4,2500.0,Fell,1971.0,-22.25,-49.93333,3.3979400088457554
Pervomaisky,18798,Valid,L6,66000.0,Fell,1933.0,56.63333,39.43333,4.819543935548449
Danville,5514,Valid,L6,2000.0,Fell,1868.0,34.4,-87.06667,3.3010299958811284
Johnson City,12197,Valid,L6,10400.0,Found,1937.0,37.55,-101.68333,4.017033339340539
Kalvesta,12237,Valid,H4,10000.0,Found,1968.0,38.08333,-100.25,4.000000000043429
Archie,2329,Valid,H6,5070.0,Fell,1932.0,38.5,-94.3,3.7050079594189955
Bustee,5181,Valid,Aubrite,1500.0,Fell,1852.0,26.78333,82.83333,3.176091259345211
Gruver,11428,Valid,H4,13100.0,Found,1934.0,36.33333,-101.4,4.117271295688917
La Colina,12395,Valid,H5,2000.0,Fell,1924.0,-37.33333,-61.53333,3.3010299958811284
Roosevelt County 040,22695,Valid,H5,71.1,Found,1969.0,34.08333,-103.5,1.8518696068379867
Edmonson (a),7768,Valid,L6,12000.0,Found,1955.0,34.28333,-101.83333,4.079181246083816
Asco,2345,Valid,H6,41.0,Fell,1805.0,42.45,9.03333,1.6127838673122836
Maziba,15454,Valid,L6,4975.0,Fell,1942.0,-1.21667,30.0,3.69679308516904
ad-Dahbubah,376,Valid,H5,90000.0,Found,1961.0,19.83333,51.25,4.954242509444151
Frankfort (iron),10176,Valid,"Iron, IIIAB",10900.0,Found,1866.0,38.2,-84.83333,4.0374264979804675
Kakangari,12230,Valid,K3,350.0,Fell,1890.0,12.38333,78.51667,2.544068045591117
Owens Valley,18061,Valid,"Iron, IIIAB",192800.0,Found,1913.0,37.46667,-118.0,5.2851070295690645
Doroninsk,7718,Valid,H5-7,3891.0,Fell,1805.0,51.2,112.3,3.5900612309153574
Uvalde,24137,Valid,H5,8200.0,Found,1915.0,29.2,-99.76667,3.9138138524366792
Willowbar,24278,Valid,L6,2070.0,Found,1971.0,36.73333,-102.2,3.315970345666722
Quincay,22363,Valid,L6,65.0,Fell,1851.0,46.6,0.25,1.812913363324309
Judesegeri,12207,Valid,H6,680.0,Fell,1876.0,12.85,76.8,2.832508913344905
Portales (b),18872,Valid,L6,595.8,Found,1967.0,34.06667,-103.5,2.7751004996079516
Guêa,11440,Valid,Stone-uncl,1915.0,Fell,1891.0,43.76667,20.23333,3.2821687785314273
Cedar (Kansas),5302,Valid,H6,4900.0,Found,1937.0,39.7,-98.98333,3.690196080117145
Roosevelt County 046,22701,Valid,H5,120.4,Found,1970.0,34.1,-103.48333,2.080626490528903
Pampanga,18093,Valid,L5,10500.0,Fell,1859.0,15.08333,120.7,4.0211892991113
Hajmah (b),11475,Valid,L6,890.6,Found,1958.0,19.91667,56.25,2.9496826912828467
Britstown,5144,Valid,"Iron, IAB-ung",544.0,Found,1910.0,-30.58333,23.55,2.7355989004965156
Sandtown,23157,Valid,"Iron, IIIAB",9350.0,Found,1938.0,35.93333,-91.63333,3.9708116109189664
North East Reid,17002,Valid,H5,38.6,Found,1969.0,-30.03333,129.01667,1.5865873159229071
Bagdad,4920,Valid,"Iron, IIIAB",2200.0,Found,1959.0,34.613317,-113.398967,3.3424226810196127
River,22612,Valid,L5,190.5,Found,1965.0,-30.36667,126.01667,2.279894982291399
Fleming,10110,Valid,H3.7,1750.0,Found,1940.0,40.68333,-102.81667,3.2430380489344626
Junction,12212,Valid,L5,241.0,Found,1932.0,30.5,-99.83333,2.38201704437692
Giroux,10918,Valid,"Pallasite, PMG",4275.0,Found,1954.0,49.61667,-96.55,3.630936119165781
Hadley Rille,11469,Valid,EH,0.59,Found,1971.0,26.43333,3.65556,-0.22914725226613739
Zsadany,30413,Valid,H5,552.0,Fell,1875.0,46.93333,21.5,2.7419390785159643
Happy (a),11818,Valid,H3,2860.0,Found,1971.0,35.68,-101.99333,3.456366033280894
West Reid,24247,Valid,H6,627.7,Found,1969.0,-30.05,128.93333,2.797752129342593
Yamato 7308,24374,Valid,Howardite,480.0,Found,1973.0,-71.5,35.66667,2.6812412382803674
Pacula,18068,Valid,L6,3400.0,Fell,1881.0,21.05,-99.3,3.5314789171699887
Ainsworth,422,Valid,"Iron, IIAB",80650.0,Found,1907.0,42.6,-99.8,4.906604371730365
Seneca Falls,23498,Valid,"Iron, IIIAB",4000.0,Found,1850.0,42.91667,-76.78333,3.602059991436536
Suwa,23764,Valid,Iron,203.0,Found,1915.0,36.03333,138.08333,2.3074960400525946
Dadin,5503,Valid,Iron,27300.0,Found,1949.0,-38.91667,-69.2,4.436162647056665
Hinojo,11888,Valid,H,1155.0,Found,1928.0,-36.86667,-60.16667,3.0625819846041757
Bluewater,5078,Valid,"Iron, IIIAB",9540.0,Found,1946.0,35.26667,-107.96667,3.9795483747496188
McAddo,15457,Valid,L6,1100.0,Found,1935.0,33.75,-100.93333,3.0413926855530384
Awere,4910,Valid,L4,134.0,Fell,1968.0,2.71667,32.83333,2.127104801605811
Tounkin,24037,Valid,OC,2000.0,Fell,1824.0,51.73333,102.53333,3.3010299958811284
Ider,11999,Valid,"Iron, IIIAB",140000.0,Found,1957.0,34.68333,-85.65,5.146128035681341
Wiley,24268,Valid,"Iron, IIC",3500.0,Found,1938.0,38.15,-102.66667,3.5440680444743595
Happy (c),11820,Valid,OC,884.3,Found,1971.0,34.58333,-102.05,2.9465996255062494
Motta di Conti,16762,Valid,H4,9150.0,Fell,1868.0,45.2,8.5,3.9614210941139123
Tatahouine,23884,Valid,Diogenite,12000.0,Fell,1931.0,32.95,10.41667,4.079181246083816
Esquel,10054,Valid,"Pallasite, PMG",755000.0,Found,1951.0,-42.9,-71.33333,5.877946951629763
Hinojal,11887,Valid,L6,50000.0,Found,1927.0,-32.36667,-60.15,4.698970004344705
Freda,10180,Valid,"Iron, IAB-sLH",268.0,Found,1919.0,46.38333,-101.23333,2.4281347956492905
Oro Grande,18031,Valid,H5,513.0,Found,1971.0,32.37167,-106.25833,2.710117365958394
Nuleri,17939,Valid,"Iron, IIIAB",120.0,Found,1902.0,-27.83333,123.86667,2.0791812496667457
Kiffa,12303,Valid,H5,1500.0,Fell,1970.0,16.58333,-11.33333,3.176091259345211
Cambria,5203,Valid,"Iron, ungrouped",16300.0,Found,1818.0,43.2,-78.8,4.212187604430602
Lancaster County,12454,Valid,Iron,13000.0,Found,1903.0,40.66667,-96.75,4.113943352340244
Isthilart,12053,Valid,H5,3050.0,Fell,1928.0,-31.18333,-57.95,3.4842998394891773
Edmonton (Kentucky),7771,Valid,"Iron, IAB-sLM",10200.0,Found,1942.0,37.03333,-85.63333,4.0086001718044955
Rosebud,22767,Valid,H5,54900.0,Found,1915.0,30.81667,-97.05,4.7395723444580025
Tiberrhamine,23985,Valid,L6,107000.0,Found,1967.0,28.11667,0.53333,5.029383777689269
Paranaiba,18103,Valid,L6,100000.0,Fell,1956.0,-19.13333,-51.66667,5.000000000004343
Galatia,10847,Valid,L6,23900.0,Found,1971.0,38.64167,-98.88333,4.378397900966309
Toulouse,24036,Valid,H6,1030.0,Fell,1812.0,43.6,1.4,3.0128372251268174
Two Buttes (b),24092,Valid,H,3000.0,Found,1970.0,37.63333,-102.41667,3.4771212548644272
Roosevelt County 059,22714,Valid,L6,26.2,Found,1968.0,34.08333,-103.5,1.4183013078958704
Château-Renard,5332,Valid,L6,30000.0,Fell,1841.0,47.93333,2.91667,4.477121254734139
South Bend,23675,Valid,"Pallasite, PMG",2500.0,Found,1893.0,41.65,-86.21667,3.3979400088457554
Happy Canyon,11821,Valid,EL6/7,16300.0,Found,1971.0,34.80167,-101.56667,4.212187604430602
Pavlodar (pallasite),18174,Valid,"Pallasite, PMG-an",4500.0,Found,1885.0,51.16667,77.33333,3.6532125138718534
Cardanumbi,5268,Valid,L5,6.4,Found,1966.0,-32.1,125.68333,0.8061800418423947
Apoala,2317,Valid,"Iron, IIIAB",85000.0,Found,1889.0,17.7,-97.0,4.929418925719402
Mejillones,15472,Valid,"Iron, IIAB",14830.0,Found,1875.0,-23.1,-70.5,4.171141151057667
Jianshi,12087,Valid,"Iron, IIIAB",600000.0,Fell,1890.0,30.80833,109.5,5.778151250384368
Atwood (b),4892,Valid,OC,77.0,Found,1964.0,40.51667,-103.26667,1.88649073081267
Caperr,5263,Valid,"Iron, IIIAB",113900.0,Found,1869.0,-45.28333,-70.48333,5.056523724082913
Bronco,5147,Valid,OC,972.0,Found,1971.0,33.28333,-102.96667,2.9876662653730794
Rhine Villa,22594,Valid,"Iron, IIIE",3325.0,Found,1900.0,-34.66667,139.28333,3.5217916497697384
Springer,23688,Valid,H5,8143.0,Found,1965.0,36.34611,-97.185,3.9107844348461707
Benthullen,5025,Valid,L6,17000.0,Found,1951.0,53.05,8.1,4.230448921403821
Taicang,23787,Valid,Stone-uncl,20000.0,Found,1928.0,31.5,121.08333,4.301029995685696
Harrisonville,11844,Valid,L6,46500.0,Found,1933.0,38.65,-94.33333,4.667452952899294
Karakol,12256,Valid,LL6,3000.0,Fell,1840.0,47.21667,81.01667,3.4771212548644272
Almelo Township,2281,Valid,L5,3180.0,Found,1949.0,39.6,-100.11667,3.5024271201210033
Bunjil,5164,Valid,L6,38750.0,Found,1971.0,-29.62917,116.48222,4.588271706853536
Lakangaon,12435,Valid,Eucrite-mmict,212.5,Fell,1910.0,21.86667,76.03333,2.327358936430069
Parnallee,18108,Valid,LL3.6,77600.0,Fell,1857.0,9.23333,78.35,4.889861721263785
Shikarpur,23534,Valid,L6,3679.7,Fell,1921.0,25.85,87.5775,3.5658124129068884
Roosevelt County 053,22708,Valid,H5,10.8,Found,1971.0,33.88333,-103.7,1.0334237956994
Gladstone (iron),10920,Valid,"Iron, IAB-MG",736600.0,Found,1915.0,-23.9,151.3,5.867231714519484
Holetta,11895,Valid,Stone-uncl,1415.0,Fell,1923.0,9.06667,38.41667,3.150756440167231
Mayfield,15450,Valid,H4,38400.0,Found,1972.0,37.30833,-97.545,4.5843312243788406
Red River,22548,Valid,"Iron, IIIAB",800000.0,Found,1808.0,32.0,-95.0,5.903089986992486
Deelfontein,6636,Valid,"Iron, IAB-MG",28000.0,Found,1932.0,-30.18333,23.26667,4.44715803135773
Guin,11445,Valid,"Iron, ungrouped",34500.0,Found,1969.0,33.96667,-87.91667,4.537819095085863
Cereseto,5308,Valid,H5,6460.0,Fell,1840.0,45.08333,8.3,3.8102325180623122
De Kalb,6623,Valid,H,566.0,Found,1969.0,39.59167,-94.92194,2.7528164319555763
Abee,6,Valid,EH4,107000.0,Fell,1952.0,54.21667,-113.0,5.029383777689269
Norquín,16996,Valid,"Iron, IIIAB",19250.0,Found,1945.0,-37.71667,-70.61667,4.28443073386708
Palinshih,18077,Valid,Iron,18000.0,Fell,1914.0,43.48333,118.61667,4.255272505127434
Lombard,14679,Valid,"Iron, IIAB",7000.0,Found,1953.0,46.1,-111.4,3.845098040076299
Kangean,12245,Valid,H5,1630.0,Fell,1908.0,-7.0,115.5,3.212187604670396
Kharkov,12291,Valid,L6,1500.0,Fell,1787.0,50.625,35.075,3.176091259345211
Bella Roca,5003,Valid,"Iron, IIIAB",33000.0,Found,1888.0,24.9,-105.4,4.518513939891048
Guareña,11439,Valid,H6,39000.0,Fell,1892.0,38.73333,-6.01667,4.591064607037635
Konovo,12344,Valid,LL5,90.0,Fell,1931.0,42.51667,26.16667,1.954242514264819
Kifkakhsyagan,12304,Valid,"Iron, IIIAB",18800.0,Found,1972.0,64.4,172.7,4.27415784928678
Augustinovka,4898,Valid,"Iron, IIIAB",400000.0,Found,1890.0,48.06667,35.08333,5.602059991329048
Magnesia,15386,Valid,"Iron, IAB-sHL",5000.0,Fell,1899.0,37.86667,27.51667,3.6989700044228777
Gütersloh,11466,Valid,H3/4,1000.0,Fell,1851.0,51.91667,8.38333,3.0000000004342944
Silverton (New South Wales),23600,Valid,L6,350.7,Found,1883.0,-31.88333,141.2,2.5449357671198674
Imilac,12025,Valid,"Pallasite, PMG",920000.0,Found,1822.0,-24.20333,-68.80667,5.963787827346027
Galim (a),10848,Valid,LL6,36.1,Fell,1952.0,7.05,12.43333,1.5575072139359758
San Pedro Springs,23131,Valid,L6,72.0,Found,1887.0,29.5,-98.5,1.8573325024631362
Emsland,10035,Valid,"Iron, ungrouped",19000.0,Found,1940.0,53.1,7.2,4.278753600975686
Nochtuisk,16986,Valid,Iron,8.0,Found,1876.0,59.98333,117.58333,0.9030900412787504
San Cristobal,23121,Valid,"Iron, IAB-ung",5000.0,Found,1882.0,-23.43333,-69.5,3.6989700044228777
Marlow,15428,Valid,L5,68000.0,Found,1936.0,34.6,-97.91667,4.832508912712623
Oscuro Mountains,18035,Valid,"Iron, IAB-MG",3600.0,Found,1895.0,33.63333,-106.38333,3.5563025008879245
Del Rio,6639,Valid,"Iron, IIF",3596.0,Found,1965.0,29.36667,-100.96667,3.5558196831819626
Phum Sambo,18811,Valid,H4,7800.0,Fell,1933.0,12.0,105.48333,3.892094602746159
Lillaverke,14650,Valid,H5,6862.0,Fell,1930.0,56.65,15.86667,3.8364507137834445
Hachi-oji,11468,Valid,H?,0.2,Fell,1817.0,35.65,139.33333,-0.698967832869038
Erofeevka,10048,Valid,H4,1771.9,Found,1937.0,51.86667,70.35,3.2484392083866114
Tugalin-Bulen,24062,Valid,H6,10000.0,Fell,1967.0,45.46667,105.38333,4.000000000043429
Wichita County,24257,Valid,"Iron, IAB-MG",145000.0,Found,1836.0,34.06667,-98.91667,5.16136800223797
Geidam,10870,Valid,H5,725.0,Fell,1950.0,12.91667,11.91667,2.8603380071700206
Lesves,12772,Valid,L6,2000.0,Fell,1896.0,50.36667,4.73333,3.3010299958811284
Kissij,12324,Valid,H5,5500.0,Found,1899.0,54.86667,50.88333,3.7403626895732067
North Haig,17004,Valid,Ureilite-pmict,964.0,Found,1961.0,-30.21667,126.21667,2.984077034353344
Nelson County,16942,Valid,"Iron, IIIF",73030.0,Found,1856.0,37.75,-85.5,4.863501300647397
Itapicuru-Mirim,12056,Valid,H5,2024.0,Fell,1879.0,-3.4,-44.33333,3.3062105083823337
Menindee Lakes 001,15479,Valid,L6,747.0,Found,1969.0,-33.16667,141.75,2.8733206023967837
Amherst,2293,Valid,L6,8500.0,Found,1947.0,40.8,-99.2,3.929418925765386
Glen Rose (iron),10932,Valid,"Iron, ungrouped",11000.0,Found,1934.0,32.25,-97.71667,4.041392685197707
Lua,14721,Valid,L5,9241.0,Fell,1926.0,24.95,75.15,3.9657189702912174
Willard (b),24271,Valid,H3.6,12700.0,Found,1934.0,34.5,-105.83333,4.103803720990153
Sam's Valley,23116,Valid,"Iron, IIIAB",6920.0,Found,1894.0,42.53333,-122.875,3.840106094519517
Stonington,23727,Valid,H5,2700.0,Found,1942.0,37.28333,-102.2,3.431363764319837
Soko-Banja,23661,Valid,LL4,80000.0,Fell,1877.0,43.66667,21.86667,4.903089986997372
Parma Canyon,18107,Valid,Iron,2150.0,Found,1940.0,43.8,-117.0,3.332438460117603
Wellman (e),24241,Valid,H4,959.0,Found,1973.0,33.67833,-102.315,2.9818186076235254
Karoonda,12264,Valid,CK4,41730.0,Fell,1930.0,-35.08333,139.91667,4.620448384722116
Muslyumovo,16884,Valid,H4,10580.0,Found,1964.0,55.3,53.2,4.024485667740215
Thiel Mountains,23911,Valid,"Pallasite, PMG",31700.0,Found,1962.0,-85.45,-90.0,4.501059262231451
Elm Creek,10024,Valid,H4,7000.0,Found,1906.0,38.5,-96.2,3.845098040076299
Nassirah,16922,Valid,H4,347.0,Fell,1936.0,-21.73333,165.9,2.5403294760424426
Negrillos,16939,Valid,"Iron, IIAB",28500.0,Found,1936.0,-19.88333,-69.83333,4.454844860023749
Khor Temiki,12299,Valid,Aubrite,3200.0,Fell,1932.0,16.0,36.0,3.505149978455623
Desuri,6693,Valid,H6,25400.0,Fell,1962.0,25.73333,73.61667,4.404833716637036
El Qoseir,7815,Valid,"Iron, ungrouped",2405.0,Found,1921.0,26.28333,34.25,3.3811150808904302
Crumlin,5477,Valid,L5,4255.0,Fell,1902.0,54.61667,-6.21667,3.6288995645226736
Roper River,22763,Valid,"Iron, IIIAB",6400.0,Found,1953.0,-15.0,135.0,3.8061799740517457
Burrika,5176,Valid,L6,20.4,Found,1966.0,-31.96667,125.83333,1.3096301887148434
Tarbagatai,23878,Valid,L5,370.0,Found,1912.0,51.36667,107.38333,2.5682017252407636
Visuni,24189,Valid,H6,594.0,Fell,1915.0,25.45,70.0,2.773786445712329
Djati-Pengilon,7652,Valid,H6,166000.0,Fell,1884.0,-7.5,111.5,5.220108088042672
Pokhra,18858,Valid,H5,350.0,Fell,1866.0,26.71667,82.66667,2.544068045591117
Chassigny,5331,Valid,Martian (chassignite),4000.0,Fell,1815.0,47.71667,5.36667,3.602059991436536
Chetrinahatti,5344,Valid,Stone-uncl,72.0,Fell,1880.0,14.5,76.5,1.8573325024631362
Roosevelt County 084,22739,Valid,L4,69.6,Found,1969.0,34.2,-103.23333,1.8426092458504253
Gyokukei,11467,Valid,OC,1320.0,Fell,1930.0,35.0,127.5,3.120573931534861
Pirthalla,18835,Valid,H6,1161.0,Fell,1884.0,29.58333,76.0,3.0648322201126432
Modoc (1905),16711,Valid,L6,35000.0,Fell,1905.0,38.5,-101.1,4.544068044362684
Cranbourne,5463,Valid,"Iron, IAB-MG",8600000.0,Found,1854.0,-38.1,145.3,6.934498451243618
Goose Lake,10947,Valid,"Iron, IAB-sLL",1169500.0,Found,1938.0,41.98,-120.54167,6.068000226145543
Odessa (stone),17986,Valid,H4,1926.0,Found,1960.0,46.5,30.76667,3.284656283014006
Kirbyville,12321,Valid,Eucrite-mmict,97.7,Fell,1906.0,30.75,-95.95,1.989894568163957
Dellys,6643,Valid,Iron,76.0,Found,1865.0,36.91667,3.91667,1.8808135979951923
Estherville,10059,Valid,Mesosiderite-A3/4,320000.0,Fell,1879.0,43.41667,-94.83333,5.505149978321263
Pavlograd,18176,Valid,L6,40000.0,Fell,1826.0,48.53333,35.98333,4.60205999133882
Middlesbrough,16632,Valid,L6,1600.0,Fell,1881.0,54.56667,-1.16667,3.204119982927359
Puente-Ladron,18895,Valid,L,7.7,Found,1944.0,34.4,-106.85,0.886490781574359
Markovka,15427,Valid,H4,54200.0,Found,1967.0,52.4,79.8,4.7339992865464
Montlivault,16729,Valid,L6,500.0,Fell,1838.0,47.63333,1.58333,2.698970005204608
Zagami,30386,Valid,Martian (shergottite),18000.0,Fell,1962.0,11.73333,7.08333,4.255272505127434
Searsmont,23472,Valid,H5,5400.0,Fell,1871.0,44.36667,-69.2,3.7323937599033936
Mapleton,15410,Valid,"Iron, IIIAB",49000.0,Found,1939.0,42.18333,-95.71667,4.690196080037377
Castalia,5291,Valid,H5,7300.0,Fell,1874.0,36.08333,-78.06667,3.8633228601799483
